device:browser,device:os,device:type,geo:city,geo:country,geo:ip_address,geo:state,info:cart_contents,info:conversion,info:duration,info:end_time,info:referrer,info:session_id,info:start_time,info:user_id,info:viewed_products,row_key
Firefox,iOS,tablet,Lake Caitlintown,PA,115.141.44.142,PW,"{""prod_03976"": {""quantity"": 2, ""price"": 80.63}}",abandoned,466,2025-03-02T16:54:10,direct,sess_51367ad1f1,2025-03-02T16:46:24,user_000042,"[""prod_03498"", ""prod_03976"", ""prod_02674"", ""prod_01687"", ""prod_04213""]",user_000042_2025-03-02T16:46:24_sess_51367ad1f1
Safari,macOS,desktop,Lake Caitlintown,PA,8.60.53.239,PW,"{""prod_03378"": {""quantity"": 2, ""price"": 152.71}}",converted,2753,2025-03-02T18:05:45,affiliate,sess_610d2cba86,2025-03-02T17:19:52,user_000042,"[""prod_03072"", ""prod_03378""]",user_000042_2025-03-02T17:19:52_sess_610d2cba86
Chrome,Windows,desktop,Lake Caitlintown,PA,51.54.187.134,PW,{},browsed,1648,2025-03-03T13:10:38,email,sess_426aa73fa0,2025-03-03T12:43:10,user_000042,"[""prod_04738"", ""prod_04236"", ""prod_04896"", ""prod_01416"", ""prod_04177"", ""prod_04518""]",user_000042_2025-03-03T12:43:10_sess_426aa73fa0
Safari,Windows,desktop,Lake Caitlintown,PA,66.186.138.23,PW,{},browsed,1295,2025-03-03T18:10:56,search_engine,sess_8c6dcd429e,2025-03-03T17:49:21,user_000042,"[""prod_02593"", ""prod_01150""]",user_000042_2025-03-03T17:49:21_sess_8c6dcd429e
Edge,Windows,mobile,Lake Caitlintown,PA,18.15.64.128,PW,"{""prod_00645"": {""quantity"": 1, ""price"": 495.29}, ""prod_02197"": {""quantity"": 1, ""price"": 278.69}}",abandoned,269,2025-03-04T06:39:16,social,sess_9839a70ad1,2025-03-04T06:34:47,user_000042,"[""prod_00645"", ""prod_02197"", ""prod_03087"", ""prod_00780"", ""prod_01951"", ""prod_00104""]",user_000042_2025-03-04T06:34:47_sess_9839a70ad1
Safari,Android,desktop,Lake Caitlintown,PA,148.194.3.48,PW,"{""prod_00706"": {""quantity"": 1, ""price"": 413.53}}",abandoned,2535,2025-03-04T14:39:56,direct,sess_0068eaaf03,2025-03-04T13:57:41,user_000042,"[""prod_00706"", ""prod_01770"", ""prod_01388""]",user_000042_2025-03-04T13:57:41_sess_0068eaaf03
Chrome,Android,mobile,Lake Caitlintown,PA,145.10.183.89,PW,{},browsed,1006,2025-03-04T15:18:29,social,sess_de68f9591d,2025-03-04T15:01:43,user_000042,"[""prod_01708""]",user_000042_2025-03-04T15:01:43_sess_de68f9591d
Firefox,iOS,desktop,Lake Caitlintown,PA,128.12.98.76,PW,{},browsed,3549,2025-03-04T21:12:13,social,sess_95421ef226,2025-03-04T20:13:04,user_000042,"[""prod_01348"", ""prod_04938"", ""prod_00367"", ""prod_03783""]",user_000042_2025-03-04T20:13:04_sess_95421ef226
Safari,macOS,mobile,Lake Caitlintown,PA,33.153.245.198,PW,{},browsed,1250,2025-03-05T09:32:40,direct,sess_c3701734cc,2025-03-05T09:11:50,user_000042,"[""prod_03169"", ""prod_00912"", ""prod_04929"", ""prod_03703"", ""prod_04398""]",user_000042_2025-03-05T09:11:50_sess_c3701734cc
Chrome,Windows,mobile,Lake Caitlintown,PA,177.9.109.250,PW,"{""prod_03743"": {""quantity"": 1, ""price"": 324.72}}",converted,1152,2025-03-05T11:25:41,social,sess_78d2163321,2025-03-05T11:06:29,user_000042,"[""prod_03743"", ""prod_03294""]",user_000042_2025-03-05T11:06:29_sess_78d2163321
Edge,Android,desktop,Lake Caitlintown,PA,170.199.99.215,PW,{},browsed,2680,2025-03-06T04:41:16,email,sess_c7fd2e3fdd,2025-03-06T03:56:36,user_000042,"[""prod_00297""]",user_000042_2025-03-06T03:56:36_sess_c7fd2e3fdd
Edge,Android,mobile,Lake Caitlintown,PA,89.70.39.66,PW,"{""prod_01105"": {""quantity"": 2, ""price"": 41.63}, ""prod_04577"": {""quantity"": 3, ""price"": 185.28}}",abandoned,400,2025-03-06T22:51:37,social,sess_4601c2bd2d,2025-03-06T22:44:57,user_000042,"[""prod_01105"", ""prod_04689"", ""prod_04577""]",user_000042_2025-03-06T22:44:57_sess_4601c2bd2d
Edge,macOS,mobile,Lake Caitlintown,PA,205.254.183.251,PW,"{""prod_03925"": {""quantity"": 1, ""price"": 131.35}}",abandoned,3076,2025-03-07T03:11:21,social,sess_3a0aeb6b6f,2025-03-07T02:20:05,user_000042,"[""prod_01270"", ""prod_03925""]",user_000042_2025-03-07T02:20:05_sess_3a0aeb6b6f
Safari,Android,desktop,Lake Caitlintown,PA,161.182.147.146,PW,{},browsed,1854,2025-03-07T03:45:49,direct,sess_766360608f,2025-03-07T03:14:55,user_000042,"[""prod_00031""]",user_000042_2025-03-07T03:14:55_sess_766360608f
Safari,Windows,desktop,Lake Caitlintown,PA,14.139.226.119,PW,{},browsed,3363,2025-03-07T19:56:14,search_engine,sess_bfda5668ca,2025-03-07T19:00:11,user_000042,"[""prod_02276"", ""prod_03338"", ""prod_01260"", ""prod_03880""]",user_000042_2025-03-07T19:00:11_sess_bfda5668ca
Edge,iOS,mobile,Lake Caitlintown,PA,67.64.119.139,PW,"{""prod_00911"": {""quantity"": 3, ""price"": 51.48}}",abandoned,540,2025-03-08T06:10:59,email,sess_26a2513b79,2025-03-08T06:01:59,user_000042,"[""prod_01385"", ""prod_02149"", ""prod_00911""]",user_000042_2025-03-08T06:01:59_sess_26a2513b79
Chrome,macOS,mobile,Lake Caitlintown,PA,28.112.70.5,PW,"{""prod_03023"": {""quantity"": 2, ""price"": 121.72}, ""prod_04581"": {""quantity"": 3, ""price"": 277.78}, ""prod_02645"": {""quantity"": 3, ""price"": 350.67}}",converted,332,2025-03-08T11:47:47,direct,sess_8cfcbb49e6,2025-03-08T11:42:15,user_000042,"[""prod_02645"", ""prod_03023"", ""prod_04581""]",user_000042_2025-03-08T11:42:15_sess_8cfcbb49e6
Safari,Android,mobile,Lake Caitlintown,PA,196.107.165.51,PW,{},browsed,2560,2025-03-08T13:24:12,social,sess_df3e69f252,2025-03-08T12:41:32,user_000042,"[""prod_03574"", ""prod_04256"", ""prod_01321"", ""prod_03251"", ""prod_02835""]",user_000042_2025-03-08T12:41:32_sess_df3e69f252
Chrome,iOS,mobile,Lake Caitlintown,PA,111.199.249.92,PW,{},browsed,2257,2025-03-08T16:48:39,affiliate,sess_9caa24c03d,2025-03-08T16:11:02,user_000042,"[""prod_02523"", ""prod_03377"", ""prod_01581""]",user_000042_2025-03-08T16:11:02_sess_9caa24c03d
Firefox,iOS,desktop,Lake Caitlintown,PA,126.177.100.44,PW,"{""prod_01919"": {""quantity"": 2, ""price"": 390.37}, ""prod_03107"": {""quantity"": 3, ""price"": 171.74}, ""prod_01722"": {""quantity"": 1, ""price"": 276.65}}",abandoned,1630,2025-03-09T11:15:56,affiliate,sess_4b722abaee,2025-03-09T10:48:46,user_000042,"[""prod_03107"", ""prod_01722"", ""prod_00714"", ""prod_03320"", ""prod_00069"", ""prod_01919""]",user_000042_2025-03-09T10:48:46_sess_4b722abaee
Safari,macOS,desktop,Lake Caitlintown,PA,70.224.48.116,PW,{},browsed,2919,2025-03-09T18:18:41,social,sess_9e6f06699b,2025-03-09T17:30:02,user_000042,"[""prod_04949""]",user_000042_2025-03-09T17:30:02_sess_9e6f06699b
Chrome,Windows,desktop,Lake Caitlintown,PA,166.107.15.191,PW,{},browsed,1300,2025-03-09T20:43:04,affiliate,sess_94f2abf1c7,2025-03-09T20:21:24,user_000042,"[""prod_04084"", ""prod_02374""]",user_000042_2025-03-09T20:21:24_sess_94f2abf1c7
Firefox,Windows,mobile,Lake Caitlintown,PA,212.41.152.219,PW,{},browsed,1601,2025-03-10T05:28:13,social,sess_4f67a73162,2025-03-10T05:01:32,user_000042,"[""prod_01080""]",user_000042_2025-03-10T05:01:32_sess_4f67a73162
Firefox,Android,desktop,Lake Caitlintown,PA,146.68.46.139,PW,"{""prod_02399"": {""quantity"": 2, ""price"": 373.18}}",abandoned,2066,2025-03-11T05:34:10,search_engine,sess_11cbd36482,2025-03-11T04:59:44,user_000042,"[""prod_02798"", ""prod_04291"", ""prod_02399""]",user_000042_2025-03-11T04:59:44_sess_11cbd36482
Firefox,Android,tablet,Lake Caitlintown,PA,189.108.39.92,PW,"{""prod_01645"": {""quantity"": 3, ""price"": 436.37}, ""prod_04860"": {""quantity"": 2, ""price"": 307.92}}",converted,1255,2025-03-11T08:54:33,direct,sess_e13dcbc597,2025-03-11T08:33:38,user_000042,"[""prod_00841"", ""prod_01645"", ""prod_03815"", ""prod_00561"", ""prod_03533"", ""prod_04860"", ""prod_01301""]",user_000042_2025-03-11T08:33:38_sess_e13dcbc597
Safari,Android,mobile,Lake Caitlintown,PA,178.105.149.23,PW,"{""prod_02771"": {""quantity"": 1, ""price"": 539.86}, ""prod_00204"": {""quantity"": 3, ""price"": 266.46}}",abandoned,652,2025-03-11T12:29:14,search_engine,sess_1f4ffd679d,2025-03-11T12:18:22,user_000042,"[""prod_02771"", ""prod_00709"", ""prod_00204"", ""prod_02238""]",user_000042_2025-03-11T12:18:22_sess_1f4ffd679d
Safari,Android,mobile,Lake Caitlintown,PA,90.38.54.9,PW,"{""prod_04080"": {""quantity"": 3, ""price"": 309.46}, ""prod_02889"": {""quantity"": 2, ""price"": 353.46}, ""prod_03648"": {""quantity"": 1, ""price"": 104.65}, ""prod_00025"": {""quantity"": 1, ""price"": 136.48}}",abandoned,773,2025-03-11T20:01:21,direct,sess_1adf4d49c1,2025-03-11T19:48:28,user_000042,"[""prod_00798"", ""prod_02889"", ""prod_00025"", ""prod_04080"", ""prod_00261"", ""prod_03648""]",user_000042_2025-03-11T19:48:28_sess_1adf4d49c1
Safari,iOS,mobile,Lake Caitlintown,PA,32.106.21.22,PW,"{""prod_00789"": {""quantity"": 2, ""price"": 242.01}}",converted,1884,2025-03-12T07:38:24,email,sess_ed753e1b4f,2025-03-12T07:07:00,user_000042,"[""prod_00665"", ""prod_00733"", ""prod_01582"", ""prod_00789""]",user_000042_2025-03-12T07:07:00_sess_ed753e1b4f
Chrome,Windows,desktop,Lake Caitlintown,PA,157.229.214.200,PW,"{""prod_02706"": {""quantity"": 1, ""price"": 74.25}}",converted,3440,2025-03-12T08:23:51,email,sess_9bf0bfcf3b,2025-03-12T07:26:31,user_000042,"[""prod_02706"", ""prod_04951"", ""prod_01341""]",user_000042_2025-03-12T07:26:31_sess_9bf0bfcf3b
Chrome,Windows,desktop,Lake Caitlintown,PA,87.196.11.211,PW,"{""prod_04093"": {""quantity"": 1, ""price"": 132.93}, ""prod_01239"": {""quantity"": 2, ""price"": 312.15}}",abandoned,3474,2025-03-12T12:36:41,social,sess_6df8be193b,2025-03-12T11:38:47,user_000042,"[""prod_02135"", ""prod_01239"", ""prod_04093"", ""prod_03984"", ""prod_03931"", ""prod_02857""]",user_000042_2025-03-12T11:38:47_sess_6df8be193b
Firefox,Windows,desktop,Lake Caitlintown,PA,175.107.116.66,PW,"{""prod_02169"": {""quantity"": 1, ""price"": 459.89}}",abandoned,1192,2025-03-12T12:55:40,search_engine,sess_b2c6d97d0a,2025-03-12T12:35:48,user_000042,"[""prod_04805"", ""prod_02851"", ""prod_02169""]",user_000042_2025-03-12T12:35:48_sess_b2c6d97d0a
Firefox,iOS,mobile,Lake Caitlintown,PA,104.204.202.80,PW,"{""prod_04596"": {""quantity"": 3, ""price"": 118.04}}",converted,2965,2025-03-13T04:39:04,direct,sess_1920ba27b3,2025-03-13T03:49:39,user_000042,"[""prod_03120"", ""prod_04837"", ""prod_00516"", ""prod_04609"", ""prod_00341"", ""prod_04596""]",user_000042_2025-03-13T03:49:39_sess_1920ba27b3
Edge,macOS,tablet,Lake Caitlintown,PA,56.159.198.95,PW,{},browsed,2957,2025-03-14T00:15:46,social,sess_efde68dc7d,2025-03-13T23:26:29,user_000042,"[""prod_03933""]",user_000042_2025-03-13T23:26:29_sess_efde68dc7d
Firefox,Windows,desktop,Lake Caitlintown,PA,187.195.184.129,PW,{},browsed,813,2025-03-14T09:50:22,search_engine,sess_909c884e59,2025-03-14T09:36:49,user_000042,"[""prod_03674"", ""prod_01899"", ""prod_01161""]",user_000042_2025-03-14T09:36:49_sess_909c884e59
Edge,Android,desktop,Lake Caitlintown,PA,124.171.231.232,PW,"{""prod_01326"": {""quantity"": 3, ""price"": 69.99}, ""prod_01922"": {""quantity"": 2, ""price"": 87.0}}",abandoned,2904,2025-03-15T07:23:34,search_engine,sess_1d89bbdada,2025-03-15T06:35:10,user_000042,"[""prod_00107"", ""prod_04665"", ""prod_00123"", ""prod_01624"", ""prod_01922"", ""prod_01326"", ""prod_01149""]",user_000042_2025-03-15T06:35:10_sess_1d89bbdada
Edge,Android,tablet,Lake Caitlintown,PA,156.120.79.89,PW,"{""prod_04742"": {""quantity"": 1, ""price"": 294.25}, ""prod_00370"": {""quantity"": 2, ""price"": 353.36}, ""prod_03828"": {""quantity"": 2, ""price"": 22.3}, ""prod_03121"": {""quantity"": 3, ""price"": 279.95}}",converted,1760,2025-03-15T08:03:55,email,sess_ee6303d0c9,2025-03-15T07:34:35,user_000042,"[""prod_01080"", ""prod_01778"", ""prod_00370"", ""prod_04742"", ""prod_03121"", ""prod_03828""]",user_000042_2025-03-15T07:34:35_sess_ee6303d0c9
Firefox,Windows,tablet,Lake Caitlintown,PA,186.157.14.220,PW,"{""prod_00047"": {""quantity"": 1, ""price"": 345.69}}",abandoned,3367,2025-03-15T19:23:53,email,sess_a0f506c4a5,2025-03-15T18:27:46,user_000042,"[""prod_00047"", ""prod_03019"", ""prod_01041"", ""prod_01235"", ""prod_04014""]",user_000042_2025-03-15T18:27:46_sess_a0f506c4a5
Firefox,macOS,desktop,Lake Caitlintown,PA,67.203.225.228,PW,"{""prod_04985"": {""quantity"": 2, ""price"": 459.25}}",abandoned,1854,2025-03-15T19:12:23,email,sess_066ae580eb,2025-03-15T18:41:29,user_000042,"[""prod_04985""]",user_000042_2025-03-15T18:41:29_sess_066ae580eb
Safari,macOS,tablet,Lake Caitlintown,PA,156.139.214.219,PW,"{""prod_01936"": {""quantity"": 1, ""price"": 297.63}, ""prod_02677"": {""quantity"": 2, ""price"": 293.46}}",abandoned,362,2025-03-16T20:37:50,email,sess_de18bf9dd0,2025-03-16T20:31:48,user_000042,"[""prod_02677"", ""prod_01936""]",user_000042_2025-03-16T20:31:48_sess_de18bf9dd0
Chrome,iOS,mobile,Lake Caitlintown,PA,75.15.187.177,PW,{},browsed,1400,2025-03-17T05:24:08,social,sess_c4ecc316f0,2025-03-17T05:00:48,user_000042,"[""prod_00164""]",user_000042_2025-03-17T05:00:48_sess_c4ecc316f0
Chrome,macOS,mobile,Lake Caitlintown,PA,200.188.247.196,PW,"{""prod_02957"": {""quantity"": 1, ""price"": 5.62}}",converted,1448,2025-03-19T19:01:49,search_engine,sess_4271e35b77,2025-03-19T18:37:41,user_000042,"[""prod_02957""]",user_000042_2025-03-19T18:37:41_sess_4271e35b77
Edge,iOS,mobile,Lake Caitlintown,PA,121.152.234.185,PW,"{""prod_04806"": {""quantity"": 1, ""price"": 390.87}}",abandoned,1770,2025-03-20T03:25:30,social,sess_51c89c70f5,2025-03-20T02:56:00,user_000042,"[""prod_04806"", ""prod_03738"", ""prod_04114"", ""prod_04939"", ""prod_04173""]",user_000042_2025-03-20T02:56:00_sess_51c89c70f5
Safari,iOS,mobile,Lake Caitlintown,PA,176.74.105.216,PW,"{""prod_04681"": {""quantity"": 1, ""price"": 579.15}}",converted,1742,2025-03-20T20:26:47,search_engine,sess_b149a123a3,2025-03-20T19:57:45,user_000042,"[""prod_04299"", ""prod_03665"", ""prod_04681""]",user_000042_2025-03-20T19:57:45_sess_b149a123a3
Firefox,macOS,tablet,Lake Caitlintown,PA,62.217.122.129,PW,"{""prod_00933"": {""quantity"": 3, ""price"": 352.91}, ""prod_01978"": {""quantity"": 3, ""price"": 105.11}, ""prod_03351"": {""quantity"": 2, ""price"": 201.73}}",abandoned,2896,2025-03-21T01:53:16,affiliate,sess_dd7c457009,2025-03-21T01:05:00,user_000042,"[""prod_00933"", ""prod_03351"", ""prod_01978"", ""prod_02770""]",user_000042_2025-03-21T01:05:00_sess_dd7c457009
Chrome,Android,mobile,Lake Caitlintown,PA,86.145.0.49,PW,"{""prod_01004"": {""quantity"": 3, ""price"": 211.45}, ""prod_03557"": {""quantity"": 2, ""price"": 220.22}}",abandoned,2016,2025-03-21T04:28:18,direct,sess_d77378aee3,2025-03-21T03:54:42,user_000042,"[""prod_02829"", ""prod_03557"", ""prod_00826"", ""prod_02508"", ""prod_01004""]",user_000042_2025-03-21T03:54:42_sess_d77378aee3
Edge,iOS,desktop,Lake Caitlintown,PA,161.7.50.76,PW,"{""prod_00418"": {""quantity"": 3, ""price"": 114.2}}",converted,3140,2025-03-22T07:53:20,search_engine,sess_f8c61c33bf,2025-03-22T07:01:00,user_000042,"[""prod_00418"", ""prod_03856"", ""prod_00053""]",user_000042_2025-03-22T07:01:00_sess_f8c61c33bf
Safari,iOS,mobile,Lake Caitlintown,PA,23.194.69.60,PW,"{""prod_00413"": {""quantity"": 2, ""price"": 222.66}}",abandoned,603,2025-03-22T19:38:54,affiliate,sess_254b6799ca,2025-03-22T19:28:51,user_000042,"[""prod_00997"", ""prod_00413""]",user_000042_2025-03-22T19:28:51_sess_254b6799ca
Safari,Windows,tablet,Lake Caitlintown,PA,176.11.93.141,PW,"{""prod_01928"": {""quantity"": 3, ""price"": 217.55}, ""prod_04158"": {""quantity"": 1, ""price"": 448.95}, ""prod_00081"": {""quantity"": 1, ""price"": 129.87}}",converted,1382,2025-03-23T08:54:46,affiliate,sess_728383cb68,2025-03-23T08:31:44,user_000042,"[""prod_04158"", ""prod_04127"", ""prod_04718"", ""prod_03211"", ""prod_00081"", ""prod_01928""]",user_000042_2025-03-23T08:31:44_sess_728383cb68
Chrome,macOS,mobile,Lake Caitlintown,PA,5.153.1.240,PW,"{""prod_02323"": {""quantity"": 1, ""price"": 273.29}, ""prod_02127"": {""quantity"": 1, ""price"": 181.75}}",abandoned,1383,2025-03-23T16:56:56,search_engine,sess_3083c494c9,2025-03-23T16:33:53,user_000042,"[""prod_02323"", ""prod_00097"", ""prod_02127"", ""prod_03713""]",user_000042_2025-03-23T16:33:53_sess_3083c494c9
Edge,macOS,desktop,Lake Caitlintown,PA,37.238.224.232,PW,{},browsed,366,2025-03-23T19:19:37,search_engine,sess_bb53527f28,2025-03-23T19:13:31,user_000042,"[""prod_04739"", ""prod_01253""]",user_000042_2025-03-23T19:13:31_sess_bb53527f28
Edge,Windows,mobile,Lake Caitlintown,PA,148.59.120.30,PW,{},browsed,1146,2025-03-24T04:02:17,search_engine,sess_4d90474498,2025-03-24T03:43:11,user_000042,"[""prod_02467"", ""prod_02543""]",user_000042_2025-03-24T03:43:11_sess_4d90474498
Chrome,macOS,mobile,Lake Caitlintown,PA,116.28.99.27,PW,{},browsed,656,2025-03-24T21:24:32,email,sess_b4861edd94,2025-03-24T21:13:36,user_000042,"[""prod_03034""]",user_000042_2025-03-24T21:13:36_sess_b4861edd94
Firefox,Android,tablet,Lake Caitlintown,PA,168.159.207.29,PW,{},browsed,1182,2025-03-25T05:18:58,search_engine,sess_aea69916db,2025-03-25T04:59:16,user_000042,"[""prod_03934"", ""prod_01009""]",user_000042_2025-03-25T04:59:16_sess_aea69916db
Edge,macOS,mobile,Lake Caitlintown,PA,173.13.101.125,PW,"{""prod_04325"": {""quantity"": 3, ""price"": 202.55}, ""prod_03621"": {""quantity"": 3, ""price"": 23.0}}",abandoned,3056,2025-03-25T21:00:12,affiliate,sess_9521b16bc5,2025-03-25T20:09:16,user_000042,"[""prod_03621"", ""prod_04325"", ""prod_04355"", ""prod_01525""]",user_000042_2025-03-25T20:09:16_sess_9521b16bc5
Safari,iOS,tablet,Lake Caitlintown,PA,34.45.166.83,PW,"{""prod_00830"": {""quantity"": 3, ""price"": 340.07}}",abandoned,3279,2025-03-26T03:00:53,email,sess_2c1f541865,2025-03-26T02:06:14,user_000042,"[""prod_02152"", ""prod_00830"", ""prod_02234"", ""prod_04518"", ""prod_01696"", ""prod_00414""]",user_000042_2025-03-26T02:06:14_sess_2c1f541865
Chrome,macOS,desktop,Lake Caitlintown,PA,216.182.32.62,PW,"{""prod_00151"": {""quantity"": 3, ""price"": 143.62}}",abandoned,1205,2025-03-26T09:22:38,direct,sess_1904fd4e9c,2025-03-26T09:02:33,user_000042,"[""prod_00151"", ""prod_00799"", ""prod_01665"", ""prod_00886""]",user_000042_2025-03-26T09:02:33_sess_1904fd4e9c
Firefox,Android,desktop,Lake Caitlintown,PA,66.25.107.12,PW,"{""prod_03584"": {""quantity"": 1, ""price"": 347.35}, ""prod_03733"": {""quantity"": 2, ""price"": 439.29}}",converted,2440,2025-03-26T18:10:37,email,sess_ca30c87141,2025-03-26T17:29:57,user_000042,"[""prod_04357"", ""prod_02481"", ""prod_03584"", ""prod_01450"", ""prod_03733""]",user_000042_2025-03-26T17:29:57_sess_ca30c87141
Edge,Android,tablet,Lake Caitlintown,PA,175.237.37.87,PW,"{""prod_00306"": {""quantity"": 1, ""price"": 513.35}, ""prod_03641"": {""quantity"": 2, ""price"": 424.92}}",abandoned,2953,2025-03-27T08:27:44,direct,sess_8e4b0c2e32,2025-03-27T07:38:31,user_000042,"[""prod_03641"", ""prod_00306""]",user_000042_2025-03-27T07:38:31_sess_8e4b0c2e32
Chrome,macOS,mobile,Lake Caitlintown,PA,132.91.198.141,PW,"{""prod_02980"": {""quantity"": 1, ""price"": 219.39}}",abandoned,1780,2025-03-28T20:07:58,affiliate,sess_8efea526e6,2025-03-28T19:38:18,user_000042,"[""prod_04787"", ""prod_03674"", ""prod_02980"", ""prod_01139""]",user_000042_2025-03-28T19:38:18_sess_8efea526e6
Firefox,Windows,mobile,Lake Caitlintown,PA,24.247.135.134,PW,"{""prod_03479"": {""quantity"": 1, ""price"": 259.76}, ""prod_04673"": {""quantity"": 1, ""price"": 574.81}}",abandoned,378,2025-03-29T00:02:28,direct,sess_b4d020d471,2025-03-28T23:56:10,user_000042,"[""prod_04673"", ""prod_04635"", ""prod_00066"", ""prod_03479"", ""prod_02920""]",user_000042_2025-03-28T23:56:10_sess_b4d020d471
Edge,macOS,tablet,Lake Caitlintown,PA,97.217.119.96,PW,"{""prod_04428"": {""quantity"": 3, ""price"": 340.51}, ""prod_01320"": {""quantity"": 2, ""price"": 198.65}, ""prod_00062"": {""quantity"": 1, ""price"": 289.31}, ""prod_03051"": {""quantity"": 3, ""price"": 360.84}}",converted,2244,2025-03-29T14:22:17,search_engine,sess_f5b110e0d9,2025-03-29T13:44:53,user_000042,"[""prod_01320"", ""prod_00062"", ""prod_04428"", ""prod_01510"", ""prod_00668"", ""prod_03051""]",user_000042_2025-03-29T13:44:53_sess_f5b110e0d9
Firefox,Windows,mobile,Lake Caitlintown,PA,37.137.124.251,PW,{},browsed,2815,2025-03-30T11:35:58,direct,sess_ea20f3e278,2025-03-30T10:49:03,user_000042,"[""prod_03178""]",user_000042_2025-03-30T10:49:03_sess_ea20f3e278
Chrome,Android,mobile,Lake Caitlintown,PA,3.250.97.222,PW,"{""prod_00928"": {""quantity"": 2, ""price"": 451.76}, ""prod_02131"": {""quantity"": 1, ""price"": 494.46}}",abandoned,1854,2025-04-01T11:40:24,search_engine,sess_1a4ad8de91,2025-04-01T11:09:30,user_000042,"[""prod_02131"", ""prod_00928""]",user_000042_2025-04-01T11:09:30_sess_1a4ad8de91
Edge,macOS,mobile,Lake Caitlintown,PA,198.175.229.88,PW,{},browsed,2420,2025-04-03T09:59:53,affiliate,sess_86c987bfc8,2025-04-03T09:19:33,user_000042,"[""prod_02345"", ""prod_03009""]",user_000042_2025-04-03T09:19:33_sess_86c987bfc8
Edge,iOS,mobile,Lake Caitlintown,PA,22.131.197.29,PW,"{""prod_03916"": {""quantity"": 2, ""price"": 212.25}}",converted,3438,2025-04-04T14:17:18,email,sess_840e278fdf,2025-04-04T13:20:00,user_000042,"[""prod_03916""]",user_000042_2025-04-04T13:20:00_sess_840e278fdf
Edge,Android,mobile,Lake Caitlintown,PA,23.137.137.197,PW,"{""prod_00725"": {""quantity"": 2, ""price"": 69.77}}",abandoned,1141,2025-04-04T22:31:52,search_engine,sess_aed2fd3092,2025-04-04T22:12:51,user_000042,"[""prod_03221"", ""prod_03830"", ""prod_00976"", ""prod_04742"", ""prod_00725"", ""prod_00938""]",user_000042_2025-04-04T22:12:51_sess_aed2fd3092
Edge,Android,desktop,Lake Caitlintown,PA,110.32.66.156,PW,{},browsed,2375,2025-04-05T03:08:04,search_engine,sess_06de9375eb,2025-04-05T02:28:29,user_000042,"[""prod_01909"", ""prod_04299"", ""prod_00007"", ""prod_02971"", ""prod_01569""]",user_000042_2025-04-05T02:28:29_sess_06de9375eb
Edge,Android,desktop,Lake Caitlintown,PA,114.102.59.73,PW,"{""prod_01977"": {""quantity"": 1, ""price"": 187.24}}",abandoned,3370,2025-04-05T04:26:31,email,sess_ba585fb394,2025-04-05T03:30:21,user_000042,"[""prod_03768"", ""prod_01977"", ""prod_01319""]",user_000042_2025-04-05T03:30:21_sess_ba585fb394
Chrome,iOS,tablet,Lake Caitlintown,PA,79.222.165.131,PW,"{""prod_00156"": {""quantity"": 3, ""price"": 156.58}, ""prod_02228"": {""quantity"": 3, ""price"": 238.27}, ""prod_02795"": {""quantity"": 3, ""price"": 202.46}}",abandoned,2584,2025-04-05T11:13:40,email,sess_af684baa3b,2025-04-05T10:30:36,user_000042,"[""prod_02795"", ""prod_00078"", ""prod_02228"", ""prod_04654"", ""prod_00156"", ""prod_01380""]",user_000042_2025-04-05T10:30:36_sess_af684baa3b
Firefox,Android,mobile,Lake Caitlintown,PA,26.28.68.119,PW,"{""prod_03918"": {""quantity"": 2, ""price"": 329.2}}",abandoned,3332,2025-04-05T19:37:26,affiliate,sess_9424fea2df,2025-04-05T18:41:54,user_000042,"[""prod_00496"", ""prod_03918""]",user_000042_2025-04-05T18:41:54_sess_9424fea2df
Safari,Windows,desktop,Lake Caitlintown,PA,220.214.234.102,PW,{},browsed,2673,2025-04-06T05:30:35,social,sess_a52f88720c,2025-04-06T04:46:02,user_000042,"[""prod_00956"", ""prod_04118""]",user_000042_2025-04-06T04:46:02_sess_a52f88720c
Firefox,macOS,tablet,Lake Caitlintown,PA,215.134.143.2,PW,{},browsed,3369,2025-04-06T08:58:10,search_engine,sess_5eb79346c1,2025-04-06T08:02:01,user_000042,"[""prod_00796"", ""prod_03061"", ""prod_04291""]",user_000042_2025-04-06T08:02:01_sess_5eb79346c1
Safari,iOS,tablet,Lake Caitlintown,PA,222.191.40.58,PW,{},browsed,3387,2025-04-06T21:31:50,direct,sess_f99a5f507e,2025-04-06T20:35:23,user_000042,"[""prod_02909""]",user_000042_2025-04-06T20:35:23_sess_f99a5f507e
Edge,Windows,desktop,Lake Caitlintown,PA,89.177.1.225,PW,"{""prod_01131"": {""quantity"": 1, ""price"": 164.19}, ""prod_01048"": {""quantity"": 2, ""price"": 326.24}, ""prod_00427"": {""quantity"": 2, ""price"": 202.27}}",converted,384,2025-04-06T22:01:20,search_engine,sess_66b4ddd679,2025-04-06T21:54:56,user_000042,"[""prod_00839"", ""prod_03120"", ""prod_01048"", ""prod_01131"", ""prod_01224"", ""prod_00427""]",user_000042_2025-04-06T21:54:56_sess_66b4ddd679
Safari,macOS,tablet,Lake Caitlintown,PA,5.181.183.116,PW,{},browsed,1083,2025-04-08T22:23:16,email,sess_2e846e627c,2025-04-08T22:05:13,user_000042,"[""prod_03511"", ""prod_01057"", ""prod_01254""]",user_000042_2025-04-08T22:05:13_sess_2e846e627c
Safari,iOS,tablet,Lake Caitlintown,PA,160.230.222.76,PW,"{""prod_04727"": {""quantity"": 2, ""price"": 281.36}, ""prod_04924"": {""quantity"": 3, ""price"": 268.77}}",abandoned,3019,2025-04-09T08:18:47,social,sess_6ca4d38853,2025-04-09T07:28:28,user_000042,"[""prod_04727"", ""prod_04924""]",user_000042_2025-04-09T07:28:28_sess_6ca4d38853
Safari,iOS,desktop,Lake Caitlintown,PA,114.61.183.53,PW,{},browsed,102,2025-04-09T08:35:03,direct,sess_f3d2565911,2025-04-09T08:33:21,user_000042,"[""prod_02838"", ""prod_00907"", ""prod_04381"", ""prod_02612"", ""prod_01088""]",user_000042_2025-04-09T08:33:21_sess_f3d2565911
Chrome,iOS,tablet,Lake Caitlintown,PA,158.65.248.119,PW,"{""prod_00278"": {""quantity"": 1, ""price"": 64.94}}",converted,1342,2025-04-09T11:31:22,email,sess_446aafb47b,2025-04-09T11:09:00,user_000042,"[""prod_00594"", ""prod_00278""]",user_000042_2025-04-09T11:09:00_sess_446aafb47b
Firefox,macOS,desktop,Lake Caitlintown,PA,133.180.197.41,PW,"{""prod_03393"": {""quantity"": 1, ""price"": 374.02}, ""prod_03619"": {""quantity"": 3, ""price"": 466.85}}",converted,3116,2025-04-11T00:16:05,search_engine,sess_74a5d4b1af,2025-04-10T23:24:09,user_000042,"[""prod_04912"", ""prod_03393"", ""prod_03386"", ""prod_00294"", ""prod_03619""]",user_000042_2025-04-10T23:24:09_sess_74a5d4b1af
Firefox,macOS,tablet,Lake Caitlintown,PA,130.117.38.164,PW,"{""prod_02202"": {""quantity"": 3, ""price"": 392.77}, ""prod_01735"": {""quantity"": 2, ""price"": 416.7}}",converted,40,2025-04-11T18:06:44,social,sess_aab3eaf433,2025-04-11T18:06:04,user_000042,"[""prod_00537"", ""prod_00596"", ""prod_01735"", ""prod_02202"", ""prod_00614""]",user_000042_2025-04-11T18:06:04_sess_aab3eaf433
Chrome,Android,mobile,Lake Caitlintown,PA,3.255.136.123,PW,{},browsed,2907,2025-04-11T19:06:43,direct,sess_163907e8ef,2025-04-11T18:18:16,user_000042,"[""prod_01864"", ""prod_03949""]",user_000042_2025-04-11T18:18:16_sess_163907e8ef
Safari,macOS,desktop,Lake Caitlintown,PA,129.62.242.118,PW,"{""prod_04962"": {""quantity"": 3, ""price"": 76.8}}",abandoned,2972,2025-04-12T04:52:34,email,sess_7ba524dc87,2025-04-12T04:03:02,user_000042,"[""prod_00814"", ""prod_02399"", ""prod_04962""]",user_000042_2025-04-12T04:03:02_sess_7ba524dc87
Safari,macOS,tablet,Lake Caitlintown,PA,115.35.87.57,PW,"{""prod_03913"": {""quantity"": 1, ""price"": 334.5}, ""prod_01875"": {""quantity"": 3, ""price"": 307.83}}",abandoned,589,2025-04-12T06:11:16,direct,sess_4b4ebeea6c,2025-04-12T06:01:27,user_000042,"[""prod_01875"", ""prod_03913"", ""prod_03248"", ""prod_01768"", ""prod_04209""]",user_000042_2025-04-12T06:01:27_sess_4b4ebeea6c
Chrome,Windows,mobile,Lake Caitlintown,PA,160.7.101.171,PW,"{""prod_04331"": {""quantity"": 2, ""price"": 138.23}, ""prod_02675"": {""quantity"": 3, ""price"": 310.76}}",abandoned,1764,2025-04-12T13:58:02,social,sess_9d7b7fefc0,2025-04-12T13:28:38,user_000042,"[""prod_04331"", ""prod_02675"", ""prod_00051"", ""prod_02473""]",user_000042_2025-04-12T13:28:38_sess_9d7b7fefc0
Chrome,iOS,tablet,Lake Caitlintown,PA,110.123.88.80,PW,"{""prod_03077"": {""quantity"": 1, ""price"": 256.99}, ""prod_00976"": {""quantity"": 2, ""price"": 207.25}}",converted,1117,2025-04-13T01:00:33,email,sess_ebe5e3465d,2025-04-13T00:41:56,user_000042,"[""prod_03870"", ""prod_01681"", ""prod_02854"", ""prod_00976"", ""prod_00685"", ""prod_03077""]",user_000042_2025-04-13T00:41:56_sess_ebe5e3465d
Firefox,iOS,tablet,Lake Caitlintown,PA,52.144.220.151,PW,"{""prod_03335"": {""quantity"": 1, ""price"": 306.38}}",abandoned,2283,2025-04-13T14:34:44,affiliate,sess_41f4ead9a8,2025-04-13T13:56:41,user_000042,"[""prod_01960"", ""prod_03335""]",user_000042_2025-04-13T13:56:41_sess_41f4ead9a8
Firefox,macOS,mobile,Lake Caitlintown,PA,218.124.189.255,PW,{},browsed,2157,2025-04-13T22:59:29,email,sess_a2881cbc20,2025-04-13T22:23:32,user_000042,"[""prod_00229"", ""prod_02890""]",user_000042_2025-04-13T22:23:32_sess_a2881cbc20
Chrome,Android,tablet,Lake Caitlintown,PA,186.191.232.217,PW,"{""prod_04252"": {""quantity"": 3, ""price"": 396.77}, ""prod_02063"": {""quantity"": 3, ""price"": 42.92}}",converted,596,2025-04-14T04:35:11,search_engine,sess_110ada0c88,2025-04-14T04:25:15,user_000042,"[""prod_02063"", ""prod_04252"", ""prod_03620""]",user_000042_2025-04-14T04:25:15_sess_110ada0c88
Safari,Android,desktop,Lake Caitlintown,PA,99.74.106.24,PW,{},browsed,1482,2025-04-14T15:00:34,direct,sess_6334ccf4df,2025-04-14T14:35:52,user_000042,"[""prod_03370"", ""prod_03100"", ""prod_02227"", ""prod_04928"", ""prod_01621"", ""prod_03285""]",user_000042_2025-04-14T14:35:52_sess_6334ccf4df
Firefox,Windows,tablet,Lake Caitlintown,PA,178.161.46.21,PW,"{""prod_04451"": {""quantity"": 3, ""price"": 263.75}}",abandoned,454,2025-04-15T03:22:31,social,sess_13cbee38c9,2025-04-15T03:14:57,user_000042,"[""prod_04451""]",user_000042_2025-04-15T03:14:57_sess_13cbee38c9
Firefox,Windows,desktop,Lake Caitlintown,PA,81.50.214.254,PW,"{""prod_04243"": {""quantity"": 1, ""price"": 386.83}}",abandoned,1365,2025-04-15T12:10:57,search_engine,sess_85e216c884,2025-04-15T11:48:12,user_000042,"[""prod_01333"", ""prod_04243"", ""prod_01326"", ""prod_04212""]",user_000042_2025-04-15T11:48:12_sess_85e216c884
Edge,macOS,desktop,Lake Caitlintown,PA,179.55.20.210,PW,"{""prod_04758"": {""quantity"": 1, ""price"": 298.99}, ""prod_00964"": {""quantity"": 1, ""price"": 297.97}}",abandoned,2610,2025-04-16T04:19:02,social,sess_25c6df80f4,2025-04-16T03:35:32,user_000042,"[""prod_02543"", ""prod_00964"", ""prod_04758"", ""prod_04142""]",user_000042_2025-04-16T03:35:32_sess_25c6df80f4
Edge,Windows,mobile,Lake Caitlintown,PA,108.243.92.253,PW,"{""prod_04355"": {""quantity"": 3, ""price"": 23.33}}",abandoned,2097,2025-04-16T07:44:48,search_engine,sess_d97d280eef,2025-04-16T07:09:51,user_000042,"[""prod_04355"", ""prod_03289"", ""prod_01034""]",user_000042_2025-04-16T07:09:51_sess_d97d280eef
Edge,macOS,mobile,Lake Caitlintown,PA,117.250.77.177,PW,"{""prod_00824"": {""quantity"": 2, ""price"": 564.51}}",converted,1324,2025-04-16T09:41:14,affiliate,sess_bf8aa063fb,2025-04-16T09:19:10,user_000042,"[""prod_00824"", ""prod_03551""]",user_000042_2025-04-16T09:19:10_sess_bf8aa063fb
Edge,macOS,tablet,Lake Caitlintown,PA,29.233.18.43,PW,{},browsed,820,2025-04-17T01:09:25,social,sess_a1c9c78010,2025-04-17T00:55:45,user_000042,"[""prod_01392"", ""prod_02820""]",user_000042_2025-04-17T00:55:45_sess_a1c9c78010
Chrome,macOS,tablet,Lake Caitlintown,PA,175.22.253.51,PW,"{""prod_04411"": {""quantity"": 3, ""price"": 116.69}, ""prod_00732"": {""quantity"": 1, ""price"": 339.04}}",abandoned,2796,2025-04-17T13:24:48,email,sess_36a674ec4f,2025-04-17T12:38:12,user_000042,"[""prod_03221"", ""prod_04411"", ""prod_00732""]",user_000042_2025-04-17T12:38:12_sess_36a674ec4f
Chrome,Android,desktop,Lake Caitlintown,PA,74.255.122.237,PW,"{""prod_03267"": {""quantity"": 1, ""price"": 198.65}}",converted,3214,2025-04-17T15:17:15,search_engine,sess_6e0f269614,2025-04-17T14:23:41,user_000042,"[""prod_03267"", ""prod_02390""]",user_000042_2025-04-17T14:23:41_sess_6e0f269614
Firefox,macOS,tablet,Lake Caitlintown,PA,95.104.103.173,PW,{},browsed,634,2025-04-18T06:34:46,affiliate,sess_c4fbb3faa9,2025-04-18T06:24:12,user_000042,"[""prod_02403"", ""prod_03575"", ""prod_04363""]",user_000042_2025-04-18T06:24:12_sess_c4fbb3faa9
Firefox,iOS,tablet,Lake Caitlintown,PA,146.183.12.9,PW,{},browsed,279,2025-04-18T13:26:33,social,sess_68f0202092,2025-04-18T13:21:54,user_000042,"[""prod_04967"", ""prod_04003""]",user_000042_2025-04-18T13:21:54_sess_68f0202092
Edge,Android,tablet,Lake Caitlintown,PA,16.113.244.197,PW,"{""prod_02773"": {""quantity"": 1, ""price"": 385.32}}",abandoned,1411,2025-04-18T14:14:32,email,sess_26d4428e80,2025-04-18T13:51:01,user_000042,"[""prod_04777"", ""prod_02773"", ""prod_01403""]",user_000042_2025-04-18T13:51:01_sess_26d4428e80
Chrome,iOS,desktop,Lake Caitlintown,PA,169.200.195.43,PW,"{""prod_00533"": {""quantity"": 2, ""price"": 189.36}}",abandoned,1707,2025-04-18T20:37:09,social,sess_6a7169cb13,2025-04-18T20:08:42,user_000042,"[""prod_04307"", ""prod_00533""]",user_000042_2025-04-18T20:08:42_sess_6a7169cb13
Chrome,Windows,tablet,Lake Caitlintown,PA,14.21.224.115,PW,"{""prod_04971"": {""quantity"": 1, ""price"": 218.54}}",converted,213,2025-04-21T09:38:56,social,sess_92c5e04ad3,2025-04-21T09:35:23,user_000042,"[""prod_04971"", ""prod_01167"", ""prod_03299"", ""prod_00695""]",user_000042_2025-04-21T09:35:23_sess_92c5e04ad3
Safari,macOS,tablet,Lake Caitlintown,PA,120.1.121.76,PW,"{""prod_02347"": {""quantity"": 2, ""price"": 278.23}, ""prod_04568"": {""quantity"": 3, ""price"": 44.19}}",abandoned,2903,2025-04-22T22:01:22,affiliate,sess_dcbf393286,2025-04-22T21:12:59,user_000042,"[""prod_03742"", ""prod_00004"", ""prod_04568"", ""prod_01461"", ""prod_00488"", ""prod_02347""]",user_000042_2025-04-22T21:12:59_sess_dcbf393286
Edge,iOS,desktop,Lake Caitlintown,PA,65.33.145.66,PW,"{""prod_01436"": {""quantity"": 1, ""price"": 432.32}, ""prod_03230"": {""quantity"": 2, ""price"": 352.72}, ""prod_03047"": {""quantity"": 3, ""price"": 32.48}}",abandoned,3040,2025-04-24T00:23:28,social,sess_473036e1d0,2025-04-23T23:32:48,user_000042,"[""prod_00268"", ""prod_03230"", ""prod_01436"", ""prod_03047"", ""prod_00311""]",user_000042_2025-04-23T23:32:48_sess_473036e1d0
Firefox,iOS,mobile,Lake Caitlintown,PA,35.238.170.239,PW,{},browsed,2763,2025-04-24T13:41:59,social,sess_a0b177bbde,2025-04-24T12:55:56,user_000042,"[""prod_03064"", ""prod_04641"", ""prod_01956"", ""prod_02777""]",user_000042_2025-04-24T12:55:56_sess_a0b177bbde
Chrome,macOS,tablet,Lake Caitlintown,PA,56.114.43.102,PW,"{""prod_00860"": {""quantity"": 2, ""price"": 223.31}}",abandoned,1590,2025-04-24T21:03:40,affiliate,sess_6f4ad6c537,2025-04-24T20:37:10,user_000042,"[""prod_03345"", ""prod_00174"", ""prod_01200"", ""prod_00860""]",user_000042_2025-04-24T20:37:10_sess_6f4ad6c537
Safari,Windows,mobile,Lake Caitlintown,PA,166.194.11.246,PW,{},browsed,228,2025-04-25T06:39:54,affiliate,sess_25966692fa,2025-04-25T06:36:06,user_000042,"[""prod_01348"", ""prod_02447"", ""prod_03575"", ""prod_04773""]",user_000042_2025-04-25T06:36:06_sess_25966692fa
Edge,Windows,desktop,Lake Caitlintown,PA,44.159.230.170,PW,{},browsed,1436,2025-04-25T14:00:41,email,sess_8aa7adc854,2025-04-25T13:36:45,user_000042,"[""prod_03171""]",user_000042_2025-04-25T13:36:45_sess_8aa7adc854
Safari,Android,tablet,Lake Caitlintown,PA,61.171.156.24,PW,"{""prod_04054"": {""quantity"": 3, ""price"": 377.63}}",converted,1012,2025-04-25T15:58:28,search_engine,sess_3098591dec,2025-04-25T15:41:36,user_000042,"[""prod_04965"", ""prod_04054"", ""prod_03444""]",user_000042_2025-04-25T15:41:36_sess_3098591dec
Safari,Android,mobile,Lake Caitlintown,PA,179.134.41.57,PW,"{""prod_01541"": {""quantity"": 2, ""price"": 275.59}}",abandoned,310,2025-04-25T19:11:26,email,sess_3e57b8f2c3,2025-04-25T19:06:16,user_000042,"[""prod_02991"", ""prod_02570"", ""prod_03805"", ""prod_01541""]",user_000042_2025-04-25T19:06:16_sess_3e57b8f2c3
Chrome,macOS,desktop,Lake Caitlintown,PA,128.183.81.172,PW,"{""prod_04541"": {""quantity"": 3, ""price"": 220.6}, ""prod_02506"": {""quantity"": 2, ""price"": 39.86}}",converted,2518,2025-04-25T20:57:55,search_engine,sess_bd671d2a8f,2025-04-25T20:15:57,user_000042,"[""prod_04541"", ""prod_04417"", ""prod_02506"", ""prod_04451""]",user_000042_2025-04-25T20:15:57_sess_bd671d2a8f
Chrome,Android,tablet,Lake Caitlintown,PA,148.40.51.36,PW,"{""prod_00458"": {""quantity"": 1, ""price"": 232.59}}",abandoned,1538,2025-04-26T03:24:54,social,sess_08b84c3e1b,2025-04-26T02:59:16,user_000042,"[""prod_00458""]",user_000042_2025-04-26T02:59:16_sess_08b84c3e1b
Firefox,Android,tablet,Lake Caitlintown,PA,2.78.25.89,PW,"{""prod_00370"": {""quantity"": 1, ""price"": 353.36}}",abandoned,1393,2025-04-26T12:29:18,email,sess_7b86f95a23,2025-04-26T12:06:05,user_000042,"[""prod_00124"", ""prod_00375"", ""prod_00370""]",user_000042_2025-04-26T12:06:05_sess_7b86f95a23
Chrome,Windows,desktop,Lake Caitlintown,PA,170.43.192.105,PW,"{""prod_02619"": {""quantity"": 3, ""price"": 42.51}}",abandoned,2470,2025-04-26T19:15:05,email,sess_5a7e1bc8b0,2025-04-26T18:33:55,user_000042,"[""prod_02619"", ""prod_03579""]",user_000042_2025-04-26T18:33:55_sess_5a7e1bc8b0
Safari,Windows,desktop,Lake Caitlintown,PA,193.122.216.109,PW,"{""prod_04565"": {""quantity"": 2, ""price"": 400.41}}",abandoned,1551,2025-04-27T05:58:05,affiliate,sess_c205e04a4c,2025-04-27T05:32:14,user_000042,"[""prod_04565"", ""prod_02625"", ""prod_01628""]",user_000042_2025-04-27T05:32:14_sess_c205e04a4c
Chrome,Windows,mobile,Lake Caitlintown,PA,98.243.126.20,PW,{},browsed,1624,2025-04-27T20:46:13,email,sess_127dfb5aa8,2025-04-27T20:19:09,user_000042,"[""prod_04391"", ""prod_03217"", ""prod_00500""]",user_000042_2025-04-27T20:19:09_sess_127dfb5aa8
Safari,Android,mobile,Lake Caitlintown,PA,111.141.11.90,PW,{},browsed,1842,2025-04-28T00:30:06,email,sess_4ec437d7a6,2025-04-27T23:59:24,user_000042,"[""prod_00949"", ""prod_00672""]",user_000042_2025-04-27T23:59:24_sess_4ec437d7a6
Edge,macOS,tablet,Lake Caitlintown,PA,81.237.181.150,PW,{},browsed,763,2025-04-28T03:30:11,social,sess_bfad0ba17c,2025-04-28T03:17:28,user_000042,"[""prod_04345"", ""prod_02208""]",user_000042_2025-04-28T03:17:28_sess_bfad0ba17c
Edge,iOS,tablet,Lake Caitlintown,PA,91.132.41.187,PW,"{""prod_02725"": {""quantity"": 3, ""price"": 328.38}}",abandoned,485,2025-04-28T09:47:34,social,sess_fce304de5b,2025-04-28T09:39:29,user_000042,"[""prod_04564"", ""prod_02725"", ""prod_00461"", ""prod_02494""]",user_000042_2025-04-28T09:39:29_sess_fce304de5b
Edge,macOS,desktop,Lake Caitlintown,PA,82.230.138.248,PW,"{""prod_03514"": {""quantity"": 3, ""price"": 310.22}, ""prod_01151"": {""quantity"": 1, ""price"": 47.11}, ""prod_04389"": {""quantity"": 1, ""price"": 358.93}}",abandoned,563,2025-04-29T00:38:47,direct,sess_a48d7a86d8,2025-04-29T00:29:24,user_000042,"[""prod_01340"", ""prod_01151"", ""prod_01855"", ""prod_04389"", ""prod_03514""]",user_000042_2025-04-29T00:29:24_sess_a48d7a86d8
Edge,Windows,desktop,Lake Caitlintown,PA,216.249.34.138,PW,"{""prod_00876"": {""quantity"": 1, ""price"": 88.5}}",abandoned,1495,2025-04-30T13:38:15,social,sess_1679e56a5f,2025-04-30T13:13:20,user_000042,"[""prod_00876"", ""prod_02858"", ""prod_00552""]",user_000042_2025-04-30T13:13:20_sess_1679e56a5f
Edge,iOS,tablet,Lake Caitlintown,PA,10.172.136.42,PW,"{""prod_01375"": {""quantity"": 3, ""price"": 200.49}}",abandoned,3345,2025-05-01T15:24:01,social,sess_7c3d12852f,2025-05-01T14:28:16,user_000042,"[""prod_01375"", ""prod_04528"", ""prod_03615""]",user_000042_2025-05-01T14:28:16_sess_7c3d12852f
Firefox,Android,tablet,Lake Caitlintown,PA,23.97.45.188,PW,"{""prod_01120"": {""quantity"": 1, ""price"": 98.78}, ""prod_00790"": {""quantity"": 3, ""price"": 16.11}}",abandoned,2545,2025-05-02T12:44:56,affiliate,sess_ce5b8fcb9f,2025-05-02T12:02:31,user_000042,"[""prod_00790"", ""prod_01120"", ""prod_00979"", ""prod_02182"", ""prod_02262""]",user_000042_2025-05-02T12:02:31_sess_ce5b8fcb9f
Firefox,macOS,tablet,Lake Caitlintown,PA,167.15.192.48,PW,"{""prod_04081"": {""quantity"": 1, ""price"": 334.86}}",converted,1271,2025-05-03T04:31:03,email,sess_ee69f59151,2025-05-03T04:09:52,user_000042,"[""prod_00596"", ""prod_02880"", ""prod_04081"", ""prod_00929""]",user_000042_2025-05-03T04:09:52_sess_ee69f59151
Safari,Android,desktop,Lake Caitlintown,PA,90.206.200.109,PW,"{""prod_00867"": {""quantity"": 1, ""price"": 315.11}}",abandoned,3241,2025-05-03T08:58:16,search_engine,sess_fe969510db,2025-05-03T08:04:15,user_000042,"[""prod_02656"", ""prod_04575"", ""prod_04440"", ""prod_00867"", ""prod_03932""]",user_000042_2025-05-03T08:04:15_sess_fe969510db
Safari,iOS,desktop,Lake Caitlintown,PA,42.204.198.250,PW,"{""prod_03972"": {""quantity"": 1, ""price"": 402.03}, ""prod_03905"": {""quantity"": 2, ""price"": 368.03}}",converted,3238,2025-05-03T12:12:11,direct,sess_668209c36b,2025-05-03T11:18:13,user_000042,"[""prod_03972"", ""prod_03905"", ""prod_04323""]",user_000042_2025-05-03T11:18:13_sess_668209c36b
Edge,iOS,tablet,Lake Caitlintown,PA,21.7.42.216,PW,{},browsed,2853,2025-05-03T17:26:50,affiliate,sess_87d14cfc0c,2025-05-03T16:39:17,user_000042,"[""prod_04538""]",user_000042_2025-05-03T16:39:17_sess_87d14cfc0c
Chrome,Android,desktop,Lake Caitlintown,PA,201.147.131.93,PW,{},browsed,2973,2025-05-03T22:09:44,email,sess_2118121bbe,2025-05-03T21:20:11,user_000042,"[""prod_02827"", ""prod_03334"", ""prod_01752""]",user_000042_2025-05-03T21:20:11_sess_2118121bbe
Safari,Android,tablet,Lake Caitlintown,PA,132.18.153.213,PW,{},browsed,3218,2025-05-04T02:39:09,email,sess_1af475054e,2025-05-04T01:45:31,user_000042,"[""prod_04130"", ""prod_04737"", ""prod_01511"", ""prod_01276""]",user_000042_2025-05-04T01:45:31_sess_1af475054e
Firefox,Android,mobile,Lake Caitlintown,PA,157.224.25.15,PW,"{""prod_00782"": {""quantity"": 2, ""price"": 431.42}}",converted,2239,2025-05-04T04:10:53,search_engine,sess_543a418d70,2025-05-04T03:33:34,user_000042,"[""prod_00277"", ""prod_00782"", ""prod_02169""]",user_000042_2025-05-04T03:33:34_sess_543a418d70
Chrome,Android,tablet,Lake Caitlintown,PA,221.22.223.91,PW,{},browsed,2775,2025-05-04T06:20:59,affiliate,sess_ea91ea46e7,2025-05-04T05:34:44,user_000042,"[""prod_03216"", ""prod_01143"", ""prod_03853""]",user_000042_2025-05-04T05:34:44_sess_ea91ea46e7
Chrome,Windows,mobile,Lake Caitlintown,PA,69.71.100.139,PW,{},browsed,2425,2025-05-04T13:00:13,affiliate,sess_12289dfe49,2025-05-04T12:19:48,user_000042,"[""prod_00474"", ""prod_00522"", ""prod_02713"", ""prod_04037"", ""prod_02109""]",user_000042_2025-05-04T12:19:48_sess_12289dfe49
Edge,macOS,mobile,Lake Caitlintown,PA,42.131.41.97,PW,{},browsed,2297,2025-05-04T23:55:12,affiliate,sess_f0bb0700f1,2025-05-04T23:16:55,user_000042,"[""prod_04192"", ""prod_00827"", ""prod_00722"", ""prod_03199""]",user_000042_2025-05-04T23:16:55_sess_f0bb0700f1
Chrome,Windows,desktop,Lake Caitlintown,PA,2.103.2.204,PW,"{""prod_02135"": {""quantity"": 3, ""price"": 217.93}}",converted,261,2025-05-05T23:56:32,email,sess_6f6574b86f,2025-05-05T23:52:11,user_000042,"[""prod_02135"", ""prod_00094"", ""prod_02881"", ""prod_03509"", ""prod_02103"", ""prod_01804""]",user_000042_2025-05-05T23:52:11_sess_6f6574b86f
Firefox,iOS,desktop,Lake Caitlintown,PA,57.169.158.206,PW,"{""prod_03120"": {""quantity"": 1, ""price"": 389.36}}",abandoned,275,2025-05-06T01:44:54,direct,sess_17606b6d84,2025-05-06T01:40:19,user_000042,"[""prod_03120"", ""prod_00758"", ""prod_04051"", ""prod_01244""]",user_000042_2025-05-06T01:40:19_sess_17606b6d84
Edge,macOS,tablet,Lake Caitlintown,PA,192.119.193.58,PW,"{""prod_03397"": {""quantity"": 3, ""price"": 207.62}, ""prod_03743"": {""quantity"": 2, ""price"": 324.72}}",abandoned,804,2025-05-06T21:55:12,email,sess_61ca36227c,2025-05-06T21:41:48,user_000042,"[""prod_03743"", ""prod_02281"", ""prod_02891"", ""prod_03397"", ""prod_01754"", ""prod_03832""]",user_000042_2025-05-06T21:41:48_sess_61ca36227c
Edge,Windows,desktop,Lake Caitlintown,PA,156.43.116.181,PW,"{""prod_04802"": {""quantity"": 3, ""price"": 163.19}}",abandoned,1158,2025-05-07T05:54:22,affiliate,sess_07c2a995db,2025-05-07T05:35:04,user_000042,"[""prod_04802"", ""prod_00857"", ""prod_04253""]",user_000042_2025-05-07T05:35:04_sess_07c2a995db
Firefox,Android,tablet,Lake Caitlintown,PA,152.201.79.78,PW,{},browsed,471,2025-05-08T18:12:01,email,sess_f547ddc226,2025-05-08T18:04:10,user_000042,"[""prod_00005"", ""prod_00618""]",user_000042_2025-05-08T18:04:10_sess_f547ddc226
Firefox,macOS,tablet,Lake Caitlintown,PA,94.250.253.9,PW,"{""prod_00904"": {""quantity"": 2, ""price"": 77.47}}",converted,1793,2025-05-09T07:53:33,email,sess_6bd331a137,2025-05-09T07:23:40,user_000042,"[""prod_03230"", ""prod_00694"", ""prod_00904""]",user_000042_2025-05-09T07:23:40_sess_6bd331a137
Safari,iOS,desktop,Lake Caitlintown,PA,88.192.238.207,PW,{},browsed,1127,2025-05-09T13:57:46,email,sess_eb86dc5481,2025-05-09T13:38:59,user_000042,"[""prod_04757"", ""prod_01189"", ""prod_01947""]",user_000042_2025-05-09T13:38:59_sess_eb86dc5481
Safari,macOS,desktop,Lake Caitlintown,PA,117.94.125.231,PW,"{""prod_02876"": {""quantity"": 2, ""price"": 193.79}}",abandoned,2992,2025-05-09T20:34:28,search_engine,sess_a09f6a0942,2025-05-09T19:44:36,user_000042,"[""prod_02876""]",user_000042_2025-05-09T19:44:36_sess_a09f6a0942
Firefox,macOS,desktop,Lake Caitlintown,PA,128.83.83.60,PW,"{""prod_02546"": {""quantity"": 3, ""price"": 346.3}, ""prod_02541"": {""quantity"": 2, ""price"": 27.15}}",converted,1299,2025-05-10T06:04:36,email,sess_076d1e5467,2025-05-10T05:42:57,user_000042,"[""prod_02541"", ""prod_02546""]",user_000042_2025-05-10T05:42:57_sess_076d1e5467
Safari,iOS,desktop,Lake Caitlintown,PA,131.110.44.132,PW,{},browsed,1769,2025-05-11T00:57:23,direct,sess_4462c65ba5,2025-05-11T00:27:54,user_000042,"[""prod_03955"", ""prod_01322""]",user_000042_2025-05-11T00:27:54_sess_4462c65ba5
Firefox,Android,desktop,Lake Caitlintown,PA,66.99.210.242,PW,"{""prod_03385"": {""quantity"": 3, ""price"": 45.65}}",abandoned,937,2025-05-11T03:45:44,direct,sess_95b6f7bcf6,2025-05-11T03:30:07,user_000042,"[""prod_04247"", ""prod_01286"", ""prod_03385"", ""prod_04173""]",user_000042_2025-05-11T03:30:07_sess_95b6f7bcf6
Safari,Android,mobile,Lake Caitlintown,PA,112.205.164.176,PW,"{""prod_04742"": {""quantity"": 3, ""price"": 294.25}}",converted,3504,2025-05-11T07:59:50,email,sess_6df7def978,2025-05-11T07:01:26,user_000042,"[""prod_02606"", ""prod_04742"", ""prod_00370"", ""prod_04442""]",user_000042_2025-05-11T07:01:26_sess_6df7def978
Edge,macOS,tablet,Lake Caitlintown,PA,78.47.24.19,PW,{},browsed,2858,2025-05-11T16:10:13,search_engine,sess_2cdd082689,2025-05-11T15:22:35,user_000042,"[""prod_03863""]",user_000042_2025-05-11T15:22:35_sess_2cdd082689
Edge,macOS,tablet,Lake Caitlintown,PA,44.79.181.167,PW,"{""prod_01137"": {""quantity"": 2, ""price"": 288.88}, ""prod_03092"": {""quantity"": 3, ""price"": 55.96}}",abandoned,1669,2025-05-13T02:03:17,search_engine,sess_3c3c5c215a,2025-05-13T01:35:28,user_000042,"[""prod_01137"", ""prod_03092"", ""prod_03798"", ""prod_03334""]",user_000042_2025-05-13T01:35:28_sess_3c3c5c215a
Edge,iOS,mobile,Lake Caitlintown,PA,118.54.43.47,PW,{},browsed,2741,2025-05-13T10:55:42,email,sess_38e4b911c5,2025-05-13T10:10:01,user_000042,"[""prod_01144"", ""prod_02951""]",user_000042_2025-05-13T10:10:01_sess_38e4b911c5
Firefox,Android,desktop,Lake Caitlintown,PA,16.167.85.66,PW,"{""prod_02522"": {""quantity"": 3, ""price"": 356.92}, ""prod_02001"": {""quantity"": 3, ""price"": 48.62}}",abandoned,2316,2025-05-13T22:51:43,direct,sess_08a5bf55c6,2025-05-13T22:13:07,user_000042,"[""prod_02001"", ""prod_02522"", ""prod_02621"", ""prod_03334""]",user_000042_2025-05-13T22:13:07_sess_08a5bf55c6
Firefox,Android,desktop,Lake Caitlintown,PA,138.7.28.3,PW,{},browsed,1024,2025-05-14T03:04:24,social,sess_3beca1a5e4,2025-05-14T02:47:20,user_000042,"[""prod_01609"", ""prod_04071""]",user_000042_2025-05-14T02:47:20_sess_3beca1a5e4
Firefox,macOS,mobile,Lake Caitlintown,PA,126.179.213.13,PW,"{""prod_04533"": {""quantity"": 3, ""price"": 393.15}}",converted,1406,2025-05-15T06:36:04,affiliate,sess_94f35d1d30,2025-05-15T06:12:38,user_000042,"[""prod_04533""]",user_000042_2025-05-15T06:12:38_sess_94f35d1d30
Safari,iOS,tablet,Lake Caitlintown,PA,119.228.243.84,PW,{},browsed,3432,2025-05-16T05:21:20,email,sess_badbfd41f4,2025-05-16T04:24:08,user_000042,"[""prod_01079"", ""prod_01873""]",user_000042_2025-05-16T04:24:08_sess_badbfd41f4
Chrome,Windows,desktop,Lake Caitlintown,PA,119.108.56.202,PW,"{""prod_03044"": {""quantity"": 2, ""price"": 458.56}, ""prod_03477"": {""quantity"": 1, ""price"": 270.74}}",converted,1908,2025-05-17T11:50:56,direct,sess_e2b25f6063,2025-05-17T11:19:08,user_000042,"[""prod_02132"", ""prod_03477"", ""prod_03044"", ""prod_00396""]",user_000042_2025-05-17T11:19:08_sess_e2b25f6063
Safari,Android,mobile,Lake Caitlintown,PA,183.139.80.14,PW,"{""prod_02980"": {""quantity"": 3, ""price"": 219.39}}",abandoned,1265,2025-05-18T00:31:55,affiliate,sess_cc87dc6c45,2025-05-18T00:10:50,user_000042,"[""prod_00136"", ""prod_02263"", ""prod_02980""]",user_000042_2025-05-18T00:10:50_sess_cc87dc6c45
Firefox,Android,tablet,Lake Caitlintown,PA,222.224.149.177,PW,"{""prod_01668"": {""quantity"": 1, ""price"": 92.39}}",abandoned,606,2025-05-19T08:48:44,social,sess_382f6c9501,2025-05-19T08:38:38,user_000042,"[""prod_00136"", ""prod_01668""]",user_000042_2025-05-19T08:38:38_sess_382f6c9501
Firefox,macOS,desktop,Lake Caitlintown,PA,107.92.191.53,PW,"{""prod_00805"": {""quantity"": 1, ""price"": 127.16}}",converted,3387,2025-05-19T18:02:14,search_engine,sess_489433f0d5,2025-05-19T17:05:47,user_000042,"[""prod_00805""]",user_000042_2025-05-19T17:05:47_sess_489433f0d5
Safari,iOS,desktop,Lake Caitlintown,PA,183.212.104.92,PW,{},browsed,1739,2025-05-19T21:55:28,social,sess_d823808f41,2025-05-19T21:26:29,user_000042,"[""prod_01235"", ""prod_02359"", ""prod_02422"", ""prod_03313""]",user_000042_2025-05-19T21:26:29_sess_d823808f41
Edge,iOS,tablet,Lake Caitlintown,PA,91.233.3.196,PW,"{""prod_00320"": {""quantity"": 2, ""price"": 146.45}, ""prod_02767"": {""quantity"": 2, ""price"": 309.32}}",converted,325,2025-05-20T11:09:05,search_engine,sess_36cbb21d67,2025-05-20T11:03:40,user_000042,"[""prod_00320"", ""prod_01754"", ""prod_00565"", ""prod_01585"", ""prod_02767""]",user_000042_2025-05-20T11:03:40_sess_36cbb21d67
Firefox,Windows,tablet,Lake Caitlintown,PA,112.51.255.228,PW,"{""prod_04328"": {""quantity"": 3, ""price"": 224.45}, ""prod_00721"": {""quantity"": 3, ""price"": 383.35}, ""prod_03318"": {""quantity"": 2, ""price"": 377.38}, ""prod_00916"": {""quantity"": 1, ""price"": 25.12}, ""prod_03965"": {""quantity"": 1, ""price"": 177.26}, ""prod_03448"": {""quantity"": 1, ""price"": 448.91}}",converted,1864,2025-05-20T19:33:47,affiliate,sess_18481fff74,2025-05-20T19:02:43,user_000042,"[""prod_00916"", ""prod_00721"", ""prod_02919"", ""prod_03965"", ""prod_03318"", ""prod_04919"", ""prod_04328"", ""prod_03448""]",user_000042_2025-05-20T19:02:43_sess_18481fff74
Firefox,macOS,tablet,Lake Caitlintown,PA,171.196.27.22,PW,"{""prod_04256"": {""quantity"": 3, ""price"": 300.91}, ""prod_01808"": {""quantity"": 1, ""price"": 81.27}}",converted,191,2025-05-21T05:32:21,direct,sess_7b41e7877d,2025-05-21T05:29:10,user_000042,"[""prod_01808"", ""prod_04256"", ""prod_03102"", ""prod_04411""]",user_000042_2025-05-21T05:29:10_sess_7b41e7877d
Chrome,Android,tablet,Lake Caitlintown,PA,205.77.91.152,PW,"{""prod_01510"": {""quantity"": 2, ""price"": 403.19}, ""prod_00139"": {""quantity"": 3, ""price"": 251.14}}",abandoned,1248,2025-05-21T20:41:43,affiliate,sess_6237a9b6f9,2025-05-21T20:20:55,user_000042,"[""prod_04341"", ""prod_00139"", ""prod_01510""]",user_000042_2025-05-21T20:20:55_sess_6237a9b6f9
Edge,iOS,tablet,Lake Caitlintown,PA,124.77.146.8,PW,"{""prod_03320"": {""quantity"": 2, ""price"": 496.82}, ""prod_00023"": {""quantity"": 1, ""price"": 291.56}}",abandoned,2570,2025-05-22T04:05:17,direct,sess_5264d55de4,2025-05-22T03:22:27,user_000042,"[""prod_03320"", ""prod_00267"", ""prod_00023""]",user_000042_2025-05-22T03:22:27_sess_5264d55de4
Edge,macOS,desktop,Lake Caitlintown,PA,138.228.134.32,PW,"{""prod_00345"": {""quantity"": 3, ""price"": 290.42}}",abandoned,2780,2025-05-22T22:53:07,social,sess_19bfe3c79d,2025-05-22T22:06:47,user_000042,"[""prod_01651"", ""prod_00345"", ""prod_00860""]",user_000042_2025-05-22T22:06:47_sess_19bfe3c79d
Safari,iOS,mobile,Lake Caitlintown,PA,196.47.237.8,PW,{},browsed,2424,2025-05-22T23:15:42,affiliate,sess_c4d0e097a9,2025-05-22T22:35:18,user_000042,"[""prod_03526"", ""prod_00875""]",user_000042_2025-05-22T22:35:18_sess_c4d0e097a9
Safari,Android,tablet,Lake Caitlintown,PA,197.120.157.64,PW,"{""prod_00980"": {""quantity"": 2, ""price"": 377.62}}",abandoned,1708,2025-05-23T00:24:01,affiliate,sess_cfb8429d63,2025-05-22T23:55:33,user_000042,"[""prod_04458"", ""prod_04769"", ""prod_00801"", ""prod_00803"", ""prod_00980""]",user_000042_2025-05-22T23:55:33_sess_cfb8429d63
Edge,Android,mobile,Lake Caitlintown,PA,222.27.228.145,PW,"{""prod_03335"": {""quantity"": 2, ""price"": 306.38}, ""prod_03958"": {""quantity"": 1, ""price"": 448.55}, ""prod_01387"": {""quantity"": 2, ""price"": 417.16}, ""prod_00094"": {""quantity"": 3, ""price"": 378.44}}",abandoned,3048,2025-05-23T03:49:04,email,sess_253c7b6fc0,2025-05-23T02:58:16,user_000042,"[""prod_00094"", ""prod_01387"", ""prod_03958"", ""prod_03335"", ""prod_01497"", ""prod_00657""]",user_000042_2025-05-23T02:58:16_sess_253c7b6fc0
Firefox,macOS,tablet,Lake Caitlintown,PA,4.42.21.205,PW,"{""prod_01113"": {""quantity"": 2, ""price"": 238.36}}",converted,996,2025-05-23T08:37:17,search_engine,sess_b5350c4cfa,2025-05-23T08:20:41,user_000042,"[""prod_02014"", ""prod_04609"", ""prod_01113"", ""prod_01459"", ""prod_04396""]",user_000042_2025-05-23T08:20:41_sess_b5350c4cfa
Firefox,Windows,desktop,Lake Caitlintown,PA,50.254.154.89,PW,"{""prod_03953"": {""quantity"": 2, ""price"": 265.29}}",abandoned,3190,2025-05-23T12:58:12,search_engine,sess_a41830339c,2025-05-23T12:05:02,user_000042,"[""prod_02014"", ""prod_03953"", ""prod_01476"", ""prod_03273"", ""prod_03897"", ""prod_01953""]",user_000042_2025-05-23T12:05:02_sess_a41830339c
Safari,macOS,tablet,Lake Caitlintown,PA,52.192.242.151,PW,"{""prod_01638"": {""quantity"": 2, ""price"": 97.61}}",abandoned,577,2025-05-23T13:25:11,email,sess_cdf08ecac5,2025-05-23T13:15:34,user_000042,"[""prod_01638""]",user_000042_2025-05-23T13:15:34_sess_cdf08ecac5
Chrome,macOS,tablet,Lake Caitlintown,PA,89.251.25.2,PW,{},browsed,1947,2025-05-24T12:45:25,email,sess_2105c9a253,2025-05-24T12:12:58,user_000042,"[""prod_03208"", ""prod_00237""]",user_000042_2025-05-24T12:12:58_sess_2105c9a253
Safari,Android,tablet,Lake Caitlintown,PA,142.5.95.56,PW,{},browsed,1278,2025-05-25T02:16:58,direct,sess_99d0ed5375,2025-05-25T01:55:40,user_000042,"[""prod_03302"", ""prod_04727"", ""prod_03170""]",user_000042_2025-05-25T01:55:40_sess_99d0ed5375
Firefox,Android,desktop,Lake Caitlintown,PA,187.80.114.166,PW,{},browsed,321,2025-05-25T11:25:31,email,sess_acc378b504,2025-05-25T11:20:10,user_000042,"[""prod_00144"", ""prod_02665"", ""prod_00285"", ""prod_04154""]",user_000042_2025-05-25T11:20:10_sess_acc378b504
Safari,iOS,mobile,Lake Caitlintown,PA,125.195.152.78,PW,{},browsed,1290,2025-05-25T12:21:51,direct,sess_3744fa6966,2025-05-25T12:00:21,user_000042,"[""prod_03529""]",user_000042_2025-05-25T12:00:21_sess_3744fa6966
Firefox,Windows,desktop,Lake Caitlintown,PA,2.171.158.106,PW,{},browsed,1689,2025-05-25T12:48:06,affiliate,sess_9990013c4b,2025-05-25T12:19:57,user_000042,"[""prod_01632""]",user_000042_2025-05-25T12:19:57_sess_9990013c4b
Firefox,macOS,desktop,Lake Caitlintown,PA,211.103.176.134,PW,"{""prod_03570"": {""quantity"": 3, ""price"": 225.62}}",abandoned,1303,2025-05-25T14:02:31,social,sess_97a10eecf1,2025-05-25T13:40:48,user_000042,"[""prod_04448"", ""prod_04329"", ""prod_03570"", ""prod_04318"", ""prod_04939"", ""prod_02779""]",user_000042_2025-05-25T13:40:48_sess_97a10eecf1
Safari,Android,tablet,Lake Caitlintown,PA,203.169.207.122,PW,"{""prod_01408"": {""quantity"": 3, ""price"": 157.67}, ""prod_03641"": {""quantity"": 1, ""price"": 424.92}}",abandoned,1698,2025-05-25T20:36:28,email,sess_dea67c2a86,2025-05-25T20:08:10,user_000042,"[""prod_04312"", ""prod_00721"", ""prod_03641"", ""prod_01408"", ""prod_02017"", ""prod_04486""]",user_000042_2025-05-25T20:08:10_sess_dea67c2a86
Chrome,iOS,desktop,Lake Caitlintown,PA,63.165.138.101,PW,{},browsed,2569,2025-05-26T03:23:27,direct,sess_f2b94f7ff7,2025-05-26T02:40:38,user_000042,"[""prod_01216"", ""prod_02919""]",user_000042_2025-05-26T02:40:38_sess_f2b94f7ff7
Safari,Android,mobile,Lake Caitlintown,PA,61.12.77.182,PW,"{""prod_02785"": {""quantity"": 1, ""price"": 137.87}}",converted,2082,2025-05-26T10:28:26,email,sess_b793a570c6,2025-05-26T09:53:44,user_000042,"[""prod_01912"", ""prod_04190"", ""prod_00345"", ""prod_02785""]",user_000042_2025-05-26T09:53:44_sess_b793a570c6
Chrome,Windows,desktop,Lake Caitlintown,PA,119.127.119.220,PW,{},browsed,2062,2025-05-26T18:35:36,email,sess_f364cd958c,2025-05-26T18:01:14,user_000042,"[""prod_00474""]",user_000042_2025-05-26T18:01:14_sess_f364cd958c
Safari,macOS,tablet,Lake Caitlintown,PA,39.142.35.165,PW,"{""prod_00534"": {""quantity"": 2, ""price"": 82.87}, ""prod_01670"": {""quantity"": 3, ""price"": 302.73}, ""prod_01043"": {""quantity"": 2, ""price"": 218.84}}",abandoned,2687,2025-05-27T08:50:41,search_engine,sess_3fcf18b01a,2025-05-27T08:05:54,user_000042,"[""prod_01670"", ""prod_00534"", ""prod_04440"", ""prod_04308"", ""prod_01043""]",user_000042_2025-05-27T08:05:54_sess_3fcf18b01a
Edge,Android,tablet,Lake Caitlintown,PA,110.115.73.189,PW,"{""prod_04387"": {""quantity"": 2, ""price"": 22.89}, ""prod_04054"": {""quantity"": 1, ""price"": 377.63}}",abandoned,302,2025-05-27T09:46:39,affiliate,sess_18909decc7,2025-05-27T09:41:37,user_000042,"[""prod_02580"", ""prod_04608"", ""prod_04387"", ""prod_02002"", ""prod_04054""]",user_000042_2025-05-27T09:41:37_sess_18909decc7
Firefox,Windows,desktop,Lake Caitlintown,PA,155.246.72.220,PW,"{""prod_02892"": {""quantity"": 3, ""price"": 377.92}}",converted,3228,2025-05-28T00:09:23,search_engine,sess_5ccadaebdf,2025-05-27T23:15:35,user_000042,"[""prod_03501"", ""prod_04982"", ""prod_02562"", ""prod_02892""]",user_000042_2025-05-27T23:15:35_sess_5ccadaebdf
Safari,Android,desktop,Lake Caitlintown,PA,99.53.219.55,PW,{},browsed,2054,2025-05-29T03:52:04,email,sess_81b89084ca,2025-05-29T03:17:50,user_000042,"[""prod_04846""]",user_000042_2025-05-29T03:17:50_sess_81b89084ca
Firefox,Windows,mobile,Lake Caitlintown,PA,2.241.21.187,PW,"{""prod_03963"": {""quantity"": 3, ""price"": 408.95}, ""prod_02616"": {""quantity"": 2, ""price"": 324.55}, ""prod_00968"": {""quantity"": 1, ""price"": 379.63}}",converted,2586,2025-05-29T11:21:01,search_engine,sess_5e20b5b8d8,2025-05-29T10:37:55,user_000042,"[""prod_00968"", ""prod_02023"", ""prod_02616"", ""prod_03963""]",user_000042_2025-05-29T10:37:55_sess_5e20b5b8d8
Edge,macOS,tablet,Lake Caitlintown,PA,157.209.150.41,PW,"{""prod_00499"": {""quantity"": 1, ""price"": 128.98}}",abandoned,2082,2025-05-29T11:44:44,direct,sess_ad86ff0e1c,2025-05-29T11:10:02,user_000042,"[""prod_01415"", ""prod_00499"", ""prod_03462""]",user_000042_2025-05-29T11:10:02_sess_ad86ff0e1c
Safari,Windows,tablet,Lake Caitlintown,PA,171.100.183.112,PW,"{""prod_02413"": {""quantity"": 3, ""price"": 440.14}}",abandoned,2103,2025-05-30T02:10:24,social,sess_4c254f68ee,2025-05-30T01:35:21,user_000042,"[""prod_02413"", ""prod_03182"", ""prod_03484""]",user_000042_2025-05-30T01:35:21_sess_4c254f68ee
