product_id,product_name,category_id,category_name,total_revenue
prod_04725,Innovative Secondary Policy,cat_017,Hancock Inc,3708.3199999999997
prod_04496,Streamlined Zero Administration Conglomeration,cat_020,"Brewer, Bryant and Hickman",3436.4700000000003
prod_04158,Secured Zero Administration Array,cat_011,Spence PLC,3142.6499999999996
prod_03256,Digitized Real-Time Success,cat_004,Kelly-Santiago,2742.48
prod_02188,Managed Dedicated Service-Desk,cat_009,Skinner-Romero,2685.6
prod_04504,Optional Uniform Policy,cat_016,Wright-Leblanc,2619.2
prod_03639,Horizontal Executive Open System,cat_020,"Brewer, Bryant and Hickman",2509.05
prod_03495,Digitized Mission-Critical Complexity,cat_003,Bush Inc,2226.45
prod_01646,Triple-Buffered Logistical Orchestration,cat_011,Spence PLC,2185.85
prod_03695,Realigned Neutral Product,cat_018,Phillips Inc,2165.82
prod_04535,Up-Sized Mission-Critical Conglomeration,cat_024,"Patterson, Smith and Jones",2164.14
prod_04177,Fundamental Homogeneous Collaboration,cat_004,Kelly-Santiago,1869.36
prod_04280,Grass-Roots Foreground Firmware,cat_020,"Brewer, Bryant and Hickman",1863.4699999999998
prod_02097,Seamless Responsive Framework,cat_010,Burns-Rodriguez,1821.84
prod_04249,Expanded Maximized Installation,cat_010,Burns-Rodriguez,1800.88
prod_04048,Profound Didactic Product,cat_003,Bush Inc,1775.46
prod_02853,Open-Architected Static Ability,cat_018,Phillips Inc,1767.36
prod_00147,Profit-Focused Encompassing Ability,cat_020,"Brewer, Bryant and Hickman",1745.1
prod_02379,Total Content-Based Standardization,cat_022,Preston Ltd,1723.68
prod_02951,Future-Proofed Even-Keeled Parallelism,cat_002,James LLC,1718.05
prod_00095,Ergonomic Didactic Support,cat_010,Burns-Rodriguez,1706.4
prod_00641,Devolved Contextually-Based Functionalities,cat_024,"Patterson, Smith and Jones",1690.05
prod_00245,User-Friendly Multi-Tasking Data-Warehouse,cat_005,Cameron-Parsons,1683.12
prod_04194,Configurable Full-Range Concept,cat_020,"Brewer, Bryant and Hickman",1668.78
prod_01211,Persistent Needs-Based Flexibility,cat_009,Skinner-Romero,1668.52
prod_04696,Programmable Bandwidth-Monitored Workforce,cat_018,Phillips Inc,1655.64
prod_01048,Stand-Alone Multimedia Circuit,cat_019,Powell PLC,1631.2
prod_04639,Re-Engineered Composite Time-Frame,cat_024,"Patterson, Smith and Jones",1596.05
prod_00492,Multi-Tiered Local Implementation,cat_013,Smith Ltd,1581.9
prod_01616,Balanced Actuating Project,cat_002,James LLC,1580.48
prod_04326,Adaptive Empowering Product,cat_002,James LLC,1574.01
prod_01465,Seamless Heuristic Function,cat_006,"Ellis, Baker and Wright",1570.12
prod_00119,Down-Sized Fault-Tolerant Policy,cat_007,"Moore, Becker and Carlson",1555.62
prod_02709,Digitized Responsive Adapter,cat_008,Rodriguez-Graham,1554.63
prod_00273,Visionary Responsive Methodology,cat_014,"Anderson, Walls and Duncan",1549.08
prod_01788,Persevering 5Thgeneration Alliance,cat_024,"Patterson, Smith and Jones",1548.0
prod_04682,Decentralized 3Rdgeneration Pricing Structure,cat_005,Cameron-Parsons,1546.83
prod_00710,Total Intermediate Superstructure,cat_001,Baldwin Ltd,1537.52
prod_04794,Optimized Foreground Projection,cat_015,Owens-Daniel,1524.51
prod_04020,De-Engineered Disintermediate Portal,cat_020,"Brewer, Bryant and Hickman",1499.91
prod_02568,Distributed Zero-Defect Projection,cat_012,Carney-Santos,1498.71
prod_03585,Function-Based Modular Array,cat_019,Powell PLC,1496.34
prod_00865,Horizontal 4Thgeneration Info-Mediaries,cat_024,"Patterson, Smith and Jones",1494.09
prod_01887,Centralized Actuating Groupware,cat_003,Bush Inc,1493.1
prod_03320,Switchable Global Circuit,cat_023,King-Odonnell,1490.46
prod_04900,Profound Actuating Structure,cat_004,Kelly-Santiago,1489.56
prod_02388,Decentralized Multimedia Projection,cat_020,"Brewer, Bryant and Hickman",1489.53
prod_03667,Face-To-Face Client-Server Forecast,cat_019,Powell PLC,1477.86
prod_04339,Implemented 6Thgeneration Contingency,cat_023,King-Odonnell,1471.6
prod_00798,Face-To-Face Scalable Open System,cat_016,Wright-Leblanc,1460.19
prod_01356,Streamlined Client-Driven Paradigm,cat_006,"Ellis, Baker and Wright",1451.6399999999999
prod_00087,Virtual Disintermediate Solution,cat_005,Cameron-Parsons,1447.62
prod_01495,Horizontal 4Thgeneration Encoding,cat_007,"Moore, Becker and Carlson",1438.83
prod_02688,Multi-Layered Zero Tolerance Definition,cat_005,Cameron-Parsons,1416.06
prod_01575,Multi-Lateral National Graphical User Interface,cat_001,Baldwin Ltd,1402.62
prod_01069,Object-Based Directional Throughput,cat_020,"Brewer, Bryant and Hickman",1402.59
prod_03549,Fully-Configurable Neutral Collaboration,cat_010,Burns-Rodriguez,1396.26
prod_04188,Versatile 6Thgeneration Function,cat_017,Hancock Inc,1393.5
prod_01669,Operative Systemic Moratorium,cat_004,Kelly-Santiago,1392.48
prod_04638,Cross-Group 3Rdgeneration Time-Frame,cat_022,Preston Ltd,1390.02
prod_01149,Implemented Global Budgetary Management,cat_002,James LLC,1387.08
prod_04513,Assimilated Reciprocal Knowledge User,cat_016,Wright-Leblanc,1386.12
prod_04225,Virtual Multi-Tasking Architecture,cat_001,Baldwin Ltd,1382.97
prod_00195,Multi-Tiered Scalable Hub,cat_015,Owens-Daniel,1368.0
prod_03541,Down-Sized Fresh-Thinking Adapter,cat_000,"Rodriguez, Figueroa and Sanchez",1362.39
prod_03510,Front-Line Static Methodology,cat_022,Preston Ltd,1347.42
prod_00614,Synergistic Optimizing Solution,cat_021,Mitchell-Kim,1340.22
prod_00696,Team-Oriented 4Thgeneration Protocol,cat_024,"Patterson, Smith and Jones",1333.23
prod_04475,Diverse Scalable Array,cat_016,Wright-Leblanc,1323.42
prod_04609,Front-Line Neutral Neural-Net,cat_018,Phillips Inc,1319.96
prod_03756,Operative 4Thgeneration Challenge,cat_014,"Anderson, Walls and Duncan",1317.66
prod_00369,Cross-Group Systemic Functionalities,cat_006,"Ellis, Baker and Wright",1317.45
prod_04002,Exclusive 5Thgeneration Implementation,cat_019,Powell PLC,1317.09
prod_04058,Networked Even-Keeled Infrastructure,cat_022,Preston Ltd,1313.31
prod_03775,Mandatory Object-Oriented Utilization,cat_005,Cameron-Parsons,1293.69
prod_01995,Focused Client-Driven Website,cat_001,Baldwin Ltd,1291.08
prod_02297,Multi-Tiered Next Generation Portal,cat_021,Mitchell-Kim,1280.64
prod_01901,Fundamental Cohesive Strategy,cat_020,"Brewer, Bryant and Hickman",1278.48
prod_04833,De-Engineered Scalable Contingency,cat_016,Wright-Leblanc,1276.11
prod_02997,Decentralized Multi-Tasking Website,cat_018,Phillips Inc,1274.46
prod_00162,Automated Regional Architecture,cat_006,"Ellis, Baker and Wright",1263.21
prod_03982,Persevering Reciprocal Concept,cat_001,Baldwin Ltd,1260.63
prod_03889,Networked Web-Enabled Monitoring,cat_020,"Brewer, Bryant and Hickman",1260.3
prod_01387,Devolved Hybrid Installation,cat_018,Phillips Inc,1251.48
prod_02679,Switchable System-Worthy Software,cat_000,"Rodriguez, Figueroa and Sanchez",1245.24
prod_03877,Team-Oriented Web-Enabled Core,cat_018,Phillips Inc,1245.03
prod_00267,Integrated Value-Added Graphical User Interface,cat_000,"Rodriguez, Figueroa and Sanchez",1237.32
prod_01805,Reverse-Engineered 3Rdgeneration Functionalities,cat_022,Preston Ltd,1236.84
prod_01689,Versatile Object-Oriented Secured Line,cat_002,James LLC,1231.86
prod_02814,Programmable Zero-Defect Protocol,cat_008,Rodriguez-Graham,1228.68
prod_02647,Exclusive Impactful Groupware,cat_007,"Moore, Becker and Carlson",1222.77
prod_04322,Secured Heuristic Toolset,cat_019,Powell PLC,1222.44
prod_02931,Reactive Client-Driven Budgetary Management,cat_016,Wright-Leblanc,1213.76
prod_03401,Multi-Lateral Zero Administration Knowledge User,cat_024,"Patterson, Smith and Jones",1212.48
prod_00221,Innovative Logistical Project,cat_021,Mitchell-Kim,1212.21
prod_01117,Programmable Bottom-Line Model,cat_014,"Anderson, Walls and Duncan",1211.91
prod_03865,Managed Heuristic Project,cat_011,Spence PLC,1202.8
prod_02239,Automated 24/7 Extranet,cat_021,Mitchell-Kim,1197.4499999999998
prod_01316,Re-Engineered Value-Added Application,cat_017,Hancock Inc,1197.33
prod_04258,Team-Oriented Even-Keeled Moratorium,cat_005,Cameron-Parsons,1195.08
prod_04216,Multi-Layered Fresh-Thinking Installation,cat_013,Smith Ltd,1193.07
prod_01026,Visionary National Monitoring,cat_011,Spence PLC,1180.65
prod_03405,Decentralized Secondary Installation,cat_019,Powell PLC,1179.3
prod_03481,Enterprise-Wide Hybrid Migration,cat_023,King-Odonnell,1163.58
prod_02764,Customizable Actuating Framework,cat_004,Kelly-Santiago,1162.77
prod_00650,Vision-Oriented Needs-Based Hierarchy,cat_015,Owens-Daniel,1159.86
prod_01796,Assimilated Optimizing Analyzer,cat_024,"Patterson, Smith and Jones",1158.51
prod_00280,Centralized Holistic Forecast,cat_011,Spence PLC,1155.93
prod_01574,Centralized Responsive Project,cat_024,"Patterson, Smith and Jones",1149.57
prod_03036,Digitized Bandwidth-Monitored Database,cat_013,Smith Ltd,1138.38
prod_00698,Front-Line Modular Info-Mediaries,cat_011,Spence PLC,1136.31
prod_02892,Customer-Focused Modular Service-Desk,cat_023,King-Odonnell,1133.76
prod_04640,Monitored Stable Algorithm,cat_022,Preston Ltd,1133.34
prod_03239,Vision-Oriented Methodical Structure,cat_021,Mitchell-Kim,1132.83
prod_02936,Up-Sized Dynamic Approach,cat_012,Carney-Santos,1132.17
prod_04384,Programmable System-Worthy Attitude,cat_004,Kelly-Santiago,1127.31
prod_03751,Multi-Layered Modular Framework,cat_012,Carney-Santos,1126.44
prod_04488,Programmable Zero-Defect Workforce,cat_008,Rodriguez-Graham,1123.8600000000001
prod_00089,Face-To-Face Impactful Solution,cat_018,Phillips Inc,1122.63
prod_04993,Quality-Focused Intermediate Alliance,cat_003,Bush Inc,1120.89
prod_03158,Managed Bandwidth-Monitored Hub,cat_016,Wright-Leblanc,1117.7
prod_04940,Advanced Exuding Artificial Intelligence,cat_021,Mitchell-Kim,1115.74
prod_02439,Sharable Holistic Strategy,cat_006,"Ellis, Baker and Wright",1115.43
prod_03951,Programmable Systematic Installation,cat_008,Rodriguez-Graham,1107.96
prod_04651,De-Engineered Contextually-Based Analyzer,cat_017,Hancock Inc,1096.11
prod_03089,De-Engineered User-Facing Flexibility,cat_024,"Patterson, Smith and Jones",1093.08
prod_02549,Visionary Attitude-Oriented Flexibility,cat_009,Skinner-Romero,1084.14
prod_03164,Stand-Alone Web-Enabled Moratorium,cat_002,James LLC,1081.11
prod_01014,Enterprise-Wide Multi-State Architecture,cat_000,"Rodriguez, Figueroa and Sanchez",1078.5
prod_02119,Customer-Focused Methodical Encoding,cat_007,"Moore, Becker and Carlson",1072.29
prod_04056,Upgradable Uniform Productivity,cat_003,Bush Inc,1066.74
prod_03151,Grass-Roots Transitional Circuit,cat_003,Bush Inc,1063.56
prod_00498,Monitored Coherent Focus Group,cat_002,James LLC,1061.52
prod_03474,Pre-Emptive Zero Administration Neural-Net,cat_013,Smith Ltd,1060.47
prod_03673,Persistent High-Level Graphical User Interface,cat_023,King-Odonnell,1055.55
prod_01496,Object-Based Responsive Functionalities,cat_007,"Moore, Becker and Carlson",1043.86
prod_00260,User-Centric 6Thgeneration Internet Solution,cat_010,Burns-Rodriguez,1040.1
prod_03300,Seamless Dynamic Concept,cat_014,"Anderson, Walls and Duncan",1036.11
prod_03433,Decentralized Cohesive System Engine,cat_013,Smith Ltd,1034.1
prod_01483,Reverse-Engineered Radical Local Area Network,cat_020,"Brewer, Bryant and Hickman",1033.1
prod_00439,Triple-Buffered Demand-Driven Solution,cat_005,Cameron-Parsons,1032.69
prod_04636,Customizable Logistical Architecture,cat_009,Skinner-Romero,1028.46
prod_01200,Organized Incremental Concept,cat_014,"Anderson, Walls and Duncan",1020.45
prod_00657,Centralized Non-Volatile Hardware,cat_020,"Brewer, Bryant and Hickman",1018.95
prod_03981,Decentralized Bandwidth-Monitored Encryption,cat_013,Smith Ltd,1012.32
prod_04035,Optional Zero-Defect Productivity,cat_014,"Anderson, Walls and Duncan",1007.25
prod_03662,Quality-Focused Asynchronous Adapter,cat_005,Cameron-Parsons,1005.0
prod_03504,Quality-Focused Value-Added Pricing Structure,cat_011,Spence PLC,1001.06
prod_01034,Ameliorated Human-Resource Service-Desk,cat_010,Burns-Rodriguez,999.51
prod_01094,Self-Enabling Multimedia Analyzer,cat_011,Spence PLC,998.9
prod_01327,Secured Client-Server Intranet,cat_021,Mitchell-Kim,998.4
prod_02977,Streamlined Actuating Emulation,cat_017,Hancock Inc,996.0
prod_01981,Balanced Zero Administration Open Architecture,cat_021,Mitchell-Kim,993.28
prod_03955,Synergized Systemic Hierarchy,cat_022,Preston Ltd,984.39
prod_03338,Down-Sized Multi-Tasking Matrices,cat_007,"Moore, Becker and Carlson",983.04
prod_03832,Assimilated Fault-Tolerant Access,cat_015,Owens-Daniel,980.76
prod_02894,Upgradable Human-Resource System Engine,cat_014,"Anderson, Walls and Duncan",979.46
prod_04499,Reverse-Engineered National Throughput,cat_019,Powell PLC,975.2
prod_00428,Digitized Systemic Encryption,cat_023,King-Odonnell,974.58
prod_04665,User-Centric User-Facing Projection,cat_008,Rodriguez-Graham,972.34
prod_01253,Proactive Background Software,cat_024,"Patterson, Smith and Jones",969.27
prod_03248,Inverse Exuding Productivity,cat_020,"Brewer, Bryant and Hickman",959.1
prod_03090,Compatible Motivating Success,cat_021,Mitchell-Kim,957.24
prod_04830,Face-To-Face Content-Based Toolset,cat_016,Wright-Leblanc,956.94
prod_02904,Devolved 24Hour Hierarchy,cat_007,"Moore, Becker and Carlson",948.9
prod_02406,Cross-Group Next Generation Extranet,cat_011,Spence PLC,946.28
prod_04034,Exclusive Web-Enabled Adapter,cat_005,Cameron-Parsons,940.8
prod_00672,Mandatory Neutral Orchestration,cat_006,"Ellis, Baker and Wright",938.52
prod_00084,Mandatory Even-Keeled Policy,cat_000,"Rodriguez, Figueroa and Sanchez",937.68
prod_04939,Programmable Object-Oriented Open Architecture,cat_015,Owens-Daniel,935.56
prod_02311,Function-Based Dynamic Portal,cat_000,"Rodriguez, Figueroa and Sanchez",934.02
prod_02613,Versatile Executive Infrastructure,cat_023,King-Odonnell,927.3
prod_04969,Enhanced Maximized Workforce,cat_003,Bush Inc,927.15
prod_02640,Stand-Alone Analyzing Support,cat_005,Cameron-Parsons,926.55
prod_02538,Distributed Local Emulation,cat_020,"Brewer, Bryant and Hickman",925.32
prod_01926,Pre-Emptive Local Info-Mediaries,cat_008,Rodriguez-Graham,923.34
prod_02772,Realigned Dynamic Protocol,cat_016,Wright-Leblanc,922.77
prod_03610,Horizontal Fresh-Thinking Challenge,cat_011,Spence PLC,920.56
prod_01474,Re-Engineered Clear-Thinking Migration,cat_000,"Rodriguez, Figueroa and Sanchez",919.05
prod_01857,Phased User-Facing Installation,cat_019,Powell PLC,917.96
prod_04672,Assimilated Empowering Archive,cat_004,Kelly-Santiago,914.76
prod_02003,Innovative Uniform Synergy,cat_000,"Rodriguez, Figueroa and Sanchez",913.44
prod_04761,Reduced Static Matrices,cat_015,Owens-Daniel,912.24
prod_04594,Monitored Mission-Critical Local Area Network,cat_017,Hancock Inc,911.5
prod_04024,Cloned Homogeneous Challenge,cat_023,King-Odonnell,908.3
prod_01168,Business-Focused Multi-Tasking Website,cat_012,Carney-Santos,905.56
prod_01585,Mandatory Zero Tolerance Success,cat_001,Baldwin Ltd,903.33
prod_01997,Synergized High-Level Algorithm,cat_009,Skinner-Romero,901.5899999999999
prod_03526,Synchronized 4Thgeneration Data-Warehouse,cat_004,Kelly-Santiago,899.86
prod_02670,Quality-Focused Zero-Defect Concept,cat_020,"Brewer, Bryant and Hickman",894.1
prod_00964,Open-Source 5Thgeneration Open Architecture,cat_021,Mitchell-Kim,893.91
prod_02451,Open-Architected 24/7 Pricing Structure,cat_004,Kelly-Santiago,893.72
prod_03736,Configurable Context-Sensitive Customer Loyalty,cat_020,"Brewer, Bryant and Hickman",890.88
prod_03228,Devolved Modular Core,cat_005,Cameron-Parsons,889.62
prod_02840,Integrated Context-Sensitive Open System,cat_011,Spence PLC,888.78
prod_01141,Cross-Group Even-Keeled Time-Frame,cat_002,James LLC,888.78
prod_00170,Synergized Disintermediate Methodology,cat_017,Hancock Inc,888.54
prod_00785,Mandatory Transitional Conglomeration,cat_015,Owens-Daniel,888.3
prod_01152,Versatile Global Time-Frame,cat_015,Owens-Daniel,883.86
prod_00784,Managed Reciprocal Customer Loyalty,cat_007,"Moore, Becker and Carlson",881.01
prod_02413,Front-Line 5Thgeneration Core,cat_011,Spence PLC,880.28
prod_03205,Mandatory Mission-Critical Service-Desk,cat_020,"Brewer, Bryant and Hickman",878.6
prod_04738,Optional Stable Challenge,cat_021,Mitchell-Kim,876.54
prod_00332,Enterprise-Wide Static Secured Line,cat_024,"Patterson, Smith and Jones",874.02
prod_03805,Versatile Asymmetric Methodology,cat_024,"Patterson, Smith and Jones",872.72
prod_04134,Focused Static Paradigm,cat_012,Carney-Santos,872.04
prod_04241,Function-Based Tangible Website,cat_023,King-Odonnell,867.56
prod_03723,Compatible Context-Sensitive Hub,cat_012,Carney-Santos,866.8199999999999
prod_03497,Fully-Configurable Grid-Enabled Archive,cat_010,Burns-Rodriguez,866.14
prod_02684,Automated Static Frame,cat_023,King-Odonnell,865.76
prod_01811,Extended Executive Firmware,cat_000,"Rodriguez, Figueroa and Sanchez",863.1
prod_02442,Profit-Focused Executive Focus Group,cat_020,"Brewer, Bryant and Hickman",860.36
prod_00019,Intuitive Stable Capability,cat_017,Hancock Inc,860.1
prod_02793,Stand-Alone Dynamic Budgetary Management,cat_007,"Moore, Becker and Carlson",860.04
prod_01146,Robust Content-Based Knowledgebase,cat_001,Baldwin Ltd,859.6500000000001
prod_04073,Function-Based Bi-Directional Circuit,cat_021,Mitchell-Kim,857.97
prod_03571,Object-Based Didactic Protocol,cat_004,Kelly-Santiago,857.73
prod_00827,Focused Neutral Approach,cat_008,Rodriguez-Graham,857.28
prod_02207,Robust Real-Time Orchestration,cat_009,Skinner-Romero,850.58
prod_02409,Innovative 6Thgeneration Model,cat_004,Kelly-Santiago,848.94
prod_02707,Fully-Configurable Uniform Time-Frame,cat_014,"Anderson, Walls and Duncan",845.04
prod_03215,Front-Line Demand-Driven Internet Solution,cat_006,"Ellis, Baker and Wright",844.29
prod_02626,Seamless Real-Time Archive,cat_002,James LLC,843.33
prod_01259,Up-Sized Client-Driven Extranet,cat_021,Mitchell-Kim,842.4
prod_03829,User-Centric Value-Added Framework,cat_000,"Rodriguez, Figueroa and Sanchez",841.46
prod_04009,Cross-Group Regional Application,cat_018,Phillips Inc,837.27
prod_03856,Balanced Non-Volatile Internet Solution,cat_020,"Brewer, Bryant and Hickman",837.12
prod_01018,Versatile Solution-Oriented Access,cat_004,Kelly-Santiago,836.67
prod_03781,Upgradable Encompassing Architecture,cat_010,Burns-Rodriguez,831.84
prod_00685,Focused Human-Resource Array,cat_005,Cameron-Parsons,826.46
prod_02431,Pre-Emptive Bandwidth-Monitored Moderator,cat_018,Phillips Inc,823.2
prod_00042,Vision-Oriented Multi-State Matrix,cat_005,Cameron-Parsons,822.7
prod_03654,Progressive Executive Open Architecture,cat_001,Baldwin Ltd,820.98
prod_04055,Distributed Homogeneous Groupware,cat_002,James LLC,804.12
prod_03972,De-Engineered Zero Tolerance Attitude,cat_021,Mitchell-Kim,804.06
prod_00802,Fundamental Demand-Driven Encryption,cat_022,Preston Ltd,801.78
prod_02461,Profound 5Thgeneration Local Area Network,cat_013,Smith Ltd,799.82
prod_00361,Synergistic Local Hub,cat_012,Carney-Santos,795.84
prod_02029,Upgradable Intangible Complexity,cat_021,Mitchell-Kim,795.27
prod_04206,Proactive 24Hour Budgetary Management,cat_000,"Rodriguez, Figueroa and Sanchez",793.56
prod_00852,Future-Proofed Upward-Trending Instruction Set,cat_008,Rodriguez-Graham,793.38
prod_00817,Multi-Lateral 24Hour Interface,cat_009,Skinner-Romero,792.68
prod_01706,Digitized Demand-Driven Framework,cat_002,James LLC,792.21
prod_03167,Decentralized Analyzing Intranet,cat_006,"Ellis, Baker and Wright",791.34
prod_02245,User-Centric Hybrid Concept,cat_005,Cameron-Parsons,790.72
prod_03636,Customizable Cohesive Utilization,cat_015,Owens-Daniel,790.04
prod_00812,Robust Intermediate Complexity,cat_014,"Anderson, Walls and Duncan",785.28
prod_03072,Business-Focused Encompassing Matrix,cat_013,Smith Ltd,782.5
prod_00193,Advanced Empowering Monitoring,cat_011,Spence PLC,777.1500000000001
prod_00554,Cross-Group Impactful Implementation,cat_024,"Patterson, Smith and Jones",772.44
prod_03146,Synchronized Methodical Graphic Interface,cat_012,Carney-Santos,771.22
prod_00206,Quality-Focused Secondary Help-Desk,cat_018,Phillips Inc,768.51
prod_01417,Self-Enabling Multi-Tasking Array,cat_021,Mitchell-Kim,766.14
prod_00436,Visionary Uniform Software,cat_013,Smith Ltd,764.52
prod_04344,Implemented Multimedia Orchestration,cat_018,Phillips Inc,764.18
prod_00435,Persevering National Graphical User Interface,cat_011,Spence PLC,763.74
prod_00708,Profound Demand-Driven Workforce,cat_003,Bush Inc,761.72
prod_02338,Persevering Tangible Initiative,cat_005,Cameron-Parsons,758.84
prod_02799,Triple-Buffered Radical Forecast,cat_004,Kelly-Santiago,758.2
prod_04435,Open-Architected Needs-Based Collaboration,cat_013,Smith Ltd,756.6
prod_03640,Virtual Bottom-Line Infrastructure,cat_005,Cameron-Parsons,756.16
prod_02762,Up-Sized Holistic Monitoring,cat_009,Skinner-Romero,753.24
prod_03462,Horizontal Reciprocal Benchmark,cat_011,Spence PLC,752.97
prod_04116,Versatile Non-Volatile Standardization,cat_012,Carney-Santos,751.62
prod_01216,Integrated High-Level Installation,cat_008,Rodriguez-Graham,751.56
prod_02716,Diverse Contextually-Based Framework,cat_010,Burns-Rodriguez,748.78
prod_01485,Cloned Radical Benchmark,cat_004,Kelly-Santiago,748.52
prod_00788,Progressive High-Level Archive,cat_003,Bush Inc,747.2
prod_01020,Seamless Regional Encryption,cat_018,Phillips Inc,743.78
prod_04170,Persistent Attitude-Oriented Challenge,cat_001,Baldwin Ltd,742.6800000000001
prod_02271,User-Centric Discrete Middleware,cat_023,King-Odonnell,741.92
prod_02740,Digitized Zero-Defect Functionalities,cat_020,"Brewer, Bryant and Hickman",741.0
prod_03628,Focused Holistic Initiative,cat_019,Powell PLC,740.74
prod_04167,Exclusive 6Thgeneration Alliance,cat_012,Carney-Santos,738.62
prod_00012,Fundamental Context-Sensitive Paradigm,cat_011,Spence PLC,737.73
prod_03905,Polarized Mobile Encryption,cat_020,"Brewer, Bryant and Hickman",736.06
prod_01361,Digitized Upward-Trending Algorithm,cat_006,"Ellis, Baker and Wright",735.09
prod_02942,Face-To-Face Leadingedge Structure,cat_006,"Ellis, Baker and Wright",731.46
prod_03184,Multi-Tiered Tertiary Forecast,cat_003,Bush Inc,729.38
prod_01112,Visionary Homogeneous Hardware,cat_004,Kelly-Santiago,724.06
prod_00362,Organic Well-Modulated Archive,cat_004,Kelly-Santiago,724.02
prod_04439,Object-Based Human-Resource Architecture,cat_013,Smith Ltd,722.26
prod_03882,Expanded Contextually-Based Time-Frame,cat_007,"Moore, Becker and Carlson",722.12
prod_00151,Multi-Tiered Logistical Graphic Interface,cat_008,Rodriguez-Graham,718.1
prod_01292,Quality-Focused Didactic Implementation,cat_014,"Anderson, Walls and Duncan",712.83
prod_03097,Implemented Interactive Array,cat_012,Carney-Santos,711.78
prod_00215,Inverse 3Rdgeneration Conglomeration,cat_013,Smith Ltd,710.94
prod_01482,User-Centric Transitional Orchestration,cat_022,Preston Ltd,709.9
prod_00677,Cross-Group Solution-Oriented Hierarchy,cat_008,Rodriguez-Graham,709.42
prod_01766,Cloned Methodical Service-Desk,cat_011,Spence PLC,707.2
prod_01570,Profound Tertiary Throughput,cat_019,Powell PLC,701.96
prod_04220,Grass-Roots Intermediate Application,cat_000,"Rodriguez, Figueroa and Sanchez",701.44
prod_02149,Adaptive Scalable Definition,cat_015,Owens-Daniel,700.53
prod_01138,Profound Multi-State Standardization,cat_015,Owens-Daniel,695.44
prod_02310,Robust Logistical Software,cat_012,Carney-Santos,695.22
prod_04975,Synergized 24/7 Ability,cat_004,Kelly-Santiago,694.5
prod_02629,Cross-Platform Logistical Functionalities,cat_012,Carney-Santos,690.0
prod_00011,Public-Key Full-Range Algorithm,cat_007,"Moore, Becker and Carlson",689.34
prod_02073,Innovative Non-Volatile Installation,cat_024,"Patterson, Smith and Jones",688.83
prod_04382,Multi-Lateral Responsive Adapter,cat_015,Owens-Daniel,687.32
prod_04431,Compatible Didactic Access,cat_024,"Patterson, Smith and Jones",684.6
prod_04121,Visionary 24/7 Product,cat_000,"Rodriguez, Figueroa and Sanchez",683.34
prod_00890,Synergized Full-Range Projection,cat_023,King-Odonnell,683.1
prod_04123,Customer-Focused Mission-Critical Throughput,cat_008,Rodriguez-Graham,682.76
prod_03767,Pre-Emptive 24/7 Function,cat_010,Burns-Rodriguez,678.6
prod_03986,User-Centric Human-Resource Pricing Structure,cat_006,"Ellis, Baker and Wright",678.54
prod_03403,Synergistic Tertiary Firmware,cat_017,Hancock Inc,675.93
prod_03027,Proactive Global Application,cat_019,Powell PLC,674.94
prod_03035,Versatile Bi-Directional Emulation,cat_021,Mitchell-Kim,673.88
prod_04328,Ergonomic Homogeneous Structure,cat_006,"Ellis, Baker and Wright",673.35
prod_03414,Persistent Local Support,cat_023,King-Odonnell,672.82
prod_04858,Versatile Discrete Middleware,cat_020,"Brewer, Bryant and Hickman",671.28
prod_02143,Business-Focused Interactive Hardware,cat_007,"Moore, Becker and Carlson",668.54
prod_01656,Enhanced Secondary Open Architecture,cat_015,Owens-Daniel,666.02
prod_04336,Vision-Oriented Eco-Centric Artificial Intelligence,cat_015,Owens-Daniel,662.3
prod_04481,Fully-Configurable Bifurcated Migration,cat_009,Skinner-Romero,661.15
prod_03454,Monitored Directional Array,cat_014,"Anderson, Walls and Duncan",652.26
prod_04995,Face-To-Face Transitional Extranet,cat_006,"Ellis, Baker and Wright",650.42
prod_04762,Future-Proofed 6Thgeneration Parallelism,cat_001,Baldwin Ltd,649.66
prod_03852,Re-Engineered 6Thgeneration Protocol,cat_007,"Moore, Becker and Carlson",648.81
prod_01604,Enhanced Background Strategy,cat_010,Burns-Rodriguez,647.16
prod_04935,Multi-Lateral Logistical Archive,cat_015,Owens-Daniel,642.54
prod_00737,Virtual Stable Implementation,cat_010,Burns-Rodriguez,639.84
prod_02630,Implemented Cohesive Architecture,cat_012,Carney-Santos,638.1
prod_01609,Universal Modular Pricing Structure,cat_001,Baldwin Ltd,638.02
prod_03013,Universal Methodical Synergy,cat_005,Cameron-Parsons,633.1
prod_01059,Fully-Configurable Zero Tolerance Definition,cat_006,"Ellis, Baker and Wright",629.86
prod_03103,Stand-Alone Fault-Tolerant Groupware,cat_004,Kelly-Santiago,629.25
prod_00898,Exclusive Global Installation,cat_024,"Patterson, Smith and Jones",628.88
prod_04490,Digitized Attitude-Oriented Protocol,cat_019,Powell PLC,627.6
prod_03019,Compatible User-Facing Help-Desk,cat_016,Wright-Leblanc,625.44
prod_01331,Horizontal 24/7 Graphical User Interface,cat_007,"Moore, Becker and Carlson",621.5
prod_03514,Operative Static Extranet,cat_019,Powell PLC,620.44
prod_04743,Front-Line Holistic Software,cat_006,"Ellis, Baker and Wright",616.92
prod_01107,Versatile Bottom-Line Array,cat_006,"Ellis, Baker and Wright",614.2
prod_04335,Optional Didactic Benchmark,cat_011,Spence PLC,612.42
prod_03439,Integrated Asymmetric Internet Solution,cat_011,Spence PLC,612.2
prod_01047,User-Friendly User-Facing Success,cat_003,Bush Inc,611.13
prod_04782,Distributed Web-Enabled Moderator,cat_004,Kelly-Santiago,610.22
prod_00211,Reverse-Engineered Didactic Emulation,cat_021,Mitchell-Kim,610.17
prod_01996,Open-Source Incremental Knowledgebase,cat_013,Smith Ltd,607.6800000000001
prod_03989,Inverse 3Rdgeneration Methodology,cat_016,Wright-Leblanc,607.14
prod_03938,Right-Sized Multi-State Forecast,cat_006,"Ellis, Baker and Wright",603.54
prod_01206,Customer-Focused Empowering Process Improvement,cat_018,Phillips Inc,601.96
prod_03125,Robust Eco-Centric Leverage,cat_014,"Anderson, Walls and Duncan",599.5
prod_01569,Total Full-Range Infrastructure,cat_009,Skinner-Romero,595.77
prod_03564,Organic Modular Parallelism,cat_001,Baldwin Ltd,595.62
prod_01250,Fully-Configurable 24/7 Analyzer,cat_022,Preston Ltd,594.66
prod_04560,De-Engineered Disintermediate Migration,cat_002,James LLC,592.74
prod_01845,Reverse-Engineered Analyzing Matrix,cat_015,Owens-Daniel,590.5
prod_04195,Re-Contextualized Tangible Benchmark,cat_023,King-Odonnell,589.66
prod_04701,Focused Full-Range Artificial Intelligence,cat_005,Cameron-Parsons,587.04
prod_04072,Proactive Uniform Initiative,cat_022,Preston Ltd,586.08
prod_02183,Multi-Tiered 4Thgeneration Conglomeration,cat_022,Preston Ltd,584.38
prod_03703,Innovative Systematic Infrastructure,cat_014,"Anderson, Walls and Duncan",584.28
prod_02705,Upgradable Clear-Thinking Knowledgebase,cat_015,Owens-Daniel,583.98
prod_02212,Automated System-Worthy Portal,cat_006,"Ellis, Baker and Wright",582.96
prod_04817,Object-Based Demand-Driven Instruction Set,cat_021,Mitchell-Kim,580.5
prod_00673,Mandatory Systemic Task-Force,cat_001,Baldwin Ltd,580.11
prod_01137,Ergonomic 5Thgeneration Toolset,cat_020,"Brewer, Bryant and Hickman",577.76
prod_02922,Seamless Tangible Task-Force,cat_000,"Rodriguez, Figueroa and Sanchez",575.22
prod_04673,Polarized Actuating Interface,cat_017,Hancock Inc,574.81
prod_04607,Upgradable Interactive Website,cat_004,Kelly-Santiago,574.65
prod_02322,Streamlined Executive Superstructure,cat_022,Preston Ltd,573.84
prod_04716,Managed Responsive Parallelism,cat_024,"Patterson, Smith and Jones",571.98
prod_02458,Quality-Focused Zero Administration Capability,cat_002,James LLC,571.65
prod_04506,User-Centric Reciprocal Migration,cat_020,"Brewer, Bryant and Hickman",566.02
prod_01129,Sharable 24Hour Website,cat_003,Bush Inc,563.34
prod_04721,Re-Contextualized Web-Enabled Standardization,cat_003,Bush Inc,561.4
prod_01941,Innovative Foreground Parallelism,cat_022,Preston Ltd,560.69
prod_04393,Optimized Well-Modulated Open Architecture,cat_019,Powell PLC,559.5
prod_01314,Cross-Group Directional Internet Solution,cat_015,Owens-Daniel,557.64
prod_04581,Organic Uniform Frame,cat_013,Smith Ltd,555.56
prod_02805,Fundamental Asynchronous Concept,cat_008,Rodriguez-Graham,554.58
prod_01541,Progressive Systemic Analyzer,cat_016,Wright-Leblanc,551.18
prod_03006,Organized Zero Tolerance Instruction Set,cat_019,Powell PLC,548.24
prod_04556,Visionary Background Alliance,cat_004,Kelly-Santiago,547.58
prod_03778,Fully-Configurable Mobile Open System,cat_003,Bush Inc,547.58
prod_00585,Down-Sized Intermediate Focus Group,cat_004,Kelly-Santiago,545.02
prod_00836,Intuitive Upward-Trending Workforce,cat_019,Powell PLC,543.69
prod_03477,De-Engineered Bandwidth-Monitored Emulation,cat_017,Hancock Inc,541.48
prod_04734,Team-Oriented Multimedia Secured Line,cat_017,Hancock Inc,539.22
prod_02161,Multi-Layered Stable Concept,cat_006,"Ellis, Baker and Wright",535.61
prod_04601,Stand-Alone Methodical Conglomeration,cat_022,Preston Ltd,533.5
prod_01782,Compatible Stable System Engine,cat_008,Rodriguez-Graham,533.29
prod_04526,Grass-Roots Needs-Based Conglomeration,cat_001,Baldwin Ltd,532.92
prod_02226,Universal Exuding Infrastructure,cat_008,Rodriguez-Graham,532.32
prod_04741,Diverse Stable Secured Line,cat_008,Rodriguez-Graham,528.96
prod_03279,User-Friendly Multi-Tasking Hub,cat_020,"Brewer, Bryant and Hickman",528.8
prod_03793,Right-Sized Leadingedge Task-Force,cat_016,Wright-Leblanc,528.45
prod_02093,Multi-Tiered Radical Help-Desk,cat_021,Mitchell-Kim,528.02
prod_01344,Pre-Emptive Radical Monitoring,cat_021,Mitchell-Kim,525.86
prod_04564,Operative Web-Enabled Knowledge User,cat_006,"Ellis, Baker and Wright",524.16
prod_00098,Triple-Buffered National Capacity,cat_010,Burns-Rodriguez,522.36
prod_04145,Cross-Platform Clear-Thinking Synergy,cat_000,"Rodriguez, Figueroa and Sanchez",522.26
prod_02113,Ergonomic Full-Range Artificial Intelligence,cat_009,Skinner-Romero,522.24
prod_01519,Down-Sized 5Thgeneration Solution,cat_006,"Ellis, Baker and Wright",519.16
prod_02005,Organized Secondary Database,cat_004,Kelly-Santiago,513.12
prod_03706,Proactive 3Rdgeneration Process Improvement,cat_006,"Ellis, Baker and Wright",511.37
prod_03672,Operative Intangible Knowledgebase,cat_024,"Patterson, Smith and Jones",509.97
prod_00846,Secured Real-Time Software,cat_011,Spence PLC,508.02
prod_02585,Fully-Configurable Demand-Driven Definition,cat_001,Baldwin Ltd,507.3
prod_01882,Reduced Systemic Project,cat_009,Skinner-Romero,507.06
prod_03614,Seamless Human-Resource Function,cat_021,Mitchell-Kim,503.08
prod_00139,Assimilated Responsive Portal,cat_008,Rodriguez-Graham,502.28
prod_03269,Face-To-Face 3Rdgeneration Strategy,cat_010,Burns-Rodriguez,502.22
prod_01300,Distributed Client-Driven Firmware,cat_008,Rodriguez-Graham,501.48
prod_00429,Ergonomic 3Rdgeneration Intranet,cat_002,James LLC,499.26
prod_04959,Devolved Even-Keeled Leverage,cat_017,Hancock Inc,496.44
prod_03257,Up-Sized Attitude-Oriented Graphical User Interface,cat_001,Baldwin Ltd,495.88
prod_03217,Vision-Oriented Holistic Ability,cat_008,Rodriguez-Graham,494.64
prod_04426,Digitized System-Worthy Open System,cat_004,Kelly-Santiago,493.41
prod_03115,Total Asynchronous Implementation,cat_002,James LLC,492.96
prod_01033,Open-Source Human-Resource Knowledge User,cat_006,"Ellis, Baker and Wright",491.52
prod_01126,User-Friendly Discrete Knowledge User,cat_015,Owens-Daniel,490.61
prod_03415,Compatible Contextually-Based Project,cat_004,Kelly-Santiago,488.32
prod_04130,Balanced Executive Groupware,cat_004,Kelly-Santiago,487.32
prod_04265,Diverse Discrete Support,cat_018,Phillips Inc,487.2
prod_02138,Centralized Clear-Thinking Function,cat_003,Bush Inc,484.38
prod_00884,Triple-Buffered Object-Oriented Core,cat_000,"Rodriguez, Figueroa and Sanchez",482.74
prod_04574,Inverse Foreground Architecture,cat_000,"Rodriguez, Figueroa and Sanchez",482.04
prod_02504,User-Centric High-Level Synergy,cat_018,Phillips Inc,481.98
prod_01308,Visionary Discrete Synergy,cat_007,"Moore, Becker and Carlson",481.16
prod_03399,Implemented System-Worthy Adapter,cat_014,"Anderson, Walls and Duncan",480.45
prod_02493,Seamless Dedicated Array,cat_002,James LLC,479.26
prod_03967,Business-Focused Interactive Product,cat_002,James LLC,479.22
prod_04629,Robust Systemic Local Area Network,cat_021,Mitchell-Kim,478.82
prod_03200,Cross-Platform Contextually-Based Help-Desk,cat_018,Phillips Inc,478.48
prod_01702,Cross-Group Didactic Superstructure,cat_016,Wright-Leblanc,475.2
prod_02727,Profound Impactful Core,cat_015,Owens-Daniel,474.91
prod_01761,Devolved Modular Task-Force,cat_011,Spence PLC,468.18
prod_00376,Integrated Hybrid Structure,cat_001,Baldwin Ltd,467.62
prod_01674,Pre-Emptive Optimizing Secured Line,cat_023,King-Odonnell,467.54
prod_01945,Public-Key 3Rdgeneration Ability,cat_000,"Rodriguez, Figueroa and Sanchez",467.38
prod_01888,Phased Heuristic Portal,cat_019,Powell PLC,466.59
prod_03210,De-Engineered Stable Groupware,cat_007,"Moore, Becker and Carlson",466.46
prod_02240,Inverse Static Synergy,cat_016,Wright-Leblanc,465.06
prod_01710,Enterprise-Wide Homogeneous Frame,cat_004,Kelly-Santiago,461.31000000000006
prod_04000,Future-Proofed High-Level Firmware,cat_010,Burns-Rodriguez,460.8
prod_03345,Self-Enabling Bandwidth-Monitored Groupware,cat_002,James LLC,460.35
prod_01923,Innovative Mobile Website,cat_013,Smith Ltd,459.04
prod_04941,Re-Engineered Holistic Challenge,cat_015,Owens-Daniel,458.4
prod_02849,Assimilated Zero Administration Instruction Set,cat_014,"Anderson, Walls and Duncan",457.99
prod_01464,Self-Enabling System-Worthy Standardization,cat_004,Kelly-Santiago,457.23
prod_02842,Operative Neutral Customer Loyalty,cat_024,"Patterson, Smith and Jones",456.88
prod_02801,Integrated System-Worthy Encoding,cat_007,"Moore, Becker and Carlson",456.7
prod_03686,Intuitive Reciprocal Task-Force,cat_019,Powell PLC,456.24
prod_03580,Enterprise-Wide 4Thgeneration Projection,cat_000,"Rodriguez, Figueroa and Sanchez",455.31
prod_04864,Visionary National Pricing Structure,cat_020,"Brewer, Bryant and Hickman",454.02
prod_04951,Future-Proofed Clear-Thinking Benchmark,cat_007,"Moore, Becker and Carlson",453.22
prod_03969,Networked Foreground Capability,cat_009,Skinner-Romero,450.3
prod_00628,Triple-Buffered Didactic Database,cat_008,Rodriguez-Graham,449.03
prod_04693,Focused Bandwidth-Monitored Knowledge User,cat_011,Spence PLC,448.71
prod_03994,Open-Architected Even-Keeled Encryption,cat_022,Preston Ltd,445.22
prod_00448,Business-Focused Static Moderator,cat_012,Carney-Santos,445.22
prod_00219,Customer-Focused Local Middleware,cat_008,Rodriguez-Graham,444.84
prod_01170,Persevering Bottom-Line Standardization,cat_019,Powell PLC,443.62
prod_04311,Assimilated 6Thgeneration Policy,cat_019,Powell PLC,443.25
prod_01425,Managed Grid-Enabled Open Architecture,cat_001,Baldwin Ltd,442.99
prod_00258,Enhanced Clear-Thinking Implementation,cat_014,"Anderson, Walls and Duncan",442.89
prod_01010,Triple-Buffered Coherent Analyzer,cat_005,Cameron-Parsons,442.41
prod_01563,Stand-Alone Mobile Benchmark,cat_015,Owens-Daniel,440.73
prod_03733,Ergonomic Methodical Customer Loyalty,cat_005,Cameron-Parsons,439.29
prod_03073,Mandatory Scalable Analyzer,cat_006,"Ellis, Baker and Wright",438.04
prod_02315,Team-Oriented Exuding Middleware,cat_023,King-Odonnell,437.95
prod_01043,Synergistic Upward-Trending Project,cat_022,Preston Ltd,437.68
prod_02433,Business-Focused Composite Functionalities,cat_005,Cameron-Parsons,436.98
prod_02135,Profound Eco-Centric Help-Desk,cat_018,Phillips Inc,435.86
prod_04063,Cloned Directional Local Area Network,cat_024,"Patterson, Smith and Jones",433.61
prod_04903,Ameliorated Asymmetric Solution,cat_001,Baldwin Ltd,433.43
prod_02993,Reduced 5Thgeneration Protocol,cat_005,Cameron-Parsons,433.04
prod_01104,Synergized Intangible Collaboration,cat_008,Rodriguez-Graham,427.48
prod_02542,Horizontal 3Rdgeneration Function,cat_021,Mitchell-Kim,427.14
prod_04655,Re-Engineered Content-Based Internet Solution,cat_004,Kelly-Santiago,427.04
prod_04067,Managed Responsive Secured Line,cat_006,"Ellis, Baker and Wright",426.29
prod_04928,Multi-Tiered National Success,cat_015,Owens-Daniel,426.22
prod_00625,Enterprise-Wide Scalable Protocol,cat_013,Smith Ltd,425.01
prod_00315,Horizontal Attitude-Oriented Task-Force,cat_019,Powell PLC,423.96
prod_01489,Seamless Object-Oriented Knowledge User,cat_013,Smith Ltd,421.2
prod_00342,Balanced Foreground Function,cat_023,King-Odonnell,421.08
prod_03265,Enterprise-Wide Systematic Forecast,cat_012,Carney-Santos,420.62
prod_03109,User-Centric Global Collaboration,cat_016,Wright-Leblanc,418.77
prod_02992,Reduced Transitional Hardware,cat_002,James LLC,417.64
prod_04310,Phased 6Thgeneration Middleware,cat_007,"Moore, Becker and Carlson",416.82
prod_01443,Customizable Holistic Toolset,cat_001,Baldwin Ltd,415.34
prod_03952,Fundamental Radical Interface,cat_017,Hancock Inc,415.08
prod_04208,Team-Oriented Clear-Thinking Orchestration,cat_010,Burns-Rodriguez,414.88
prod_02943,Vision-Oriented Neutral Frame,cat_021,Mitchell-Kim,412.76
prod_00615,Assimilated Mission-Critical Benchmark,cat_002,James LLC,412.28
prod_04908,Implemented Content-Based Hub,cat_024,"Patterson, Smith and Jones",411.26
prod_01420,De-Engineered Reciprocal Open System,cat_020,"Brewer, Bryant and Hickman",410.46
prod_04571,Assimilated Client-Driven Ability,cat_008,Rodriguez-Graham,409.56
prod_00350,Enterprise-Wide Needs-Based Frame,cat_005,Cameron-Parsons,409.12
prod_00707,Grass-Roots Attitude-Oriented Function,cat_017,Hancock Inc,409.07
prod_00123,Right-Sized 6Thgeneration Internet Solution,cat_022,Preston Ltd,408.56
prod_00408,Horizontal Modular Policy,cat_021,Mitchell-Kim,408.4
prod_02901,Horizontal Directional Customer Loyalty,cat_002,James LLC,407.85
prod_01785,Fundamental Needs-Based Graphical User Interface,cat_017,Hancock Inc,407.1
prod_02854,Virtual Multi-State Knowledgebase,cat_007,"Moore, Becker and Carlson",405.68
prod_01178,De-Engineered Object-Oriented Software,cat_022,Preston Ltd,405.35
prod_04078,Switchable Asymmetric Time-Frame,cat_009,Skinner-Romero,404.44
prod_03244,Pre-Emptive Logistical Hierarchy,cat_001,Baldwin Ltd,400.35
prod_04291,Balanced Interactive Matrix,cat_018,Phillips Inc,398.59
prod_00878,Streamlined Transitional Projection,cat_020,"Brewer, Bryant and Hickman",398.13
prod_03153,Decentralized Next Generation Internet Solution,cat_004,Kelly-Santiago,396.78
prod_04286,User-Centric Client-Driven Application,cat_002,James LLC,395.4
prod_03028,Reduced Multimedia Interface,cat_020,"Brewer, Bryant and Hickman",393.74
prod_02965,Configurable Dynamic Throughput,cat_016,Wright-Leblanc,393.39
prod_00608,Stand-Alone Reciprocal Analyzer,cat_009,Skinner-Romero,391.79
prod_04976,Function-Based Tangible Projection,cat_008,Rodriguez-Graham,391.42
prod_02251,Adaptive Actuating Throughput,cat_009,Skinner-Romero,390.32
prod_01835,Ameliorated Analyzing Artificial Intelligence,cat_019,Powell PLC,390.14
prod_02075,Multi-Layered Needs-Based Concept,cat_019,Powell PLC,390.1
prod_04562,Managed Next Generation Workforce,cat_002,James LLC,389.8
prod_00571,Synergized Optimal Protocol,cat_012,Carney-Santos,388.86
prod_04191,Adaptive Bi-Directional Matrices,cat_007,"Moore, Becker and Carlson",388.83
prod_03157,Multi-Lateral Multi-Tasking Core,cat_023,King-Odonnell,387.48
prod_01965,Cloned Encompassing Project,cat_020,"Brewer, Bryant and Hickman",384.69
prod_04740,Down-Sized Bi-Directional Array,cat_015,Owens-Daniel,383.17
prod_01208,Focused Dynamic Support,cat_024,"Patterson, Smith and Jones",382.02
prod_02145,Synchronized Methodical Solution,cat_002,James LLC,381.14
prod_03760,Future-Proofed Global Customer Loyalty,cat_015,Owens-Daniel,380.88
prod_04947,Grass-Roots Background Portal,cat_015,Owens-Daniel,379.8
prod_02665,Advanced Coherent Knowledgebase,cat_018,Phillips Inc,379.46
prod_03949,Intuitive Fresh-Thinking Encoding,cat_008,Rodriguez-Graham,378.55
prod_04169,Streamlined Global Instruction Set,cat_008,Rodriguez-Graham,377.57
prod_03180,Visionary Composite Toolset,cat_003,Bush Inc,376.2
prod_02921,Front-Line Modular Archive,cat_020,"Brewer, Bryant and Hickman",375.18
prod_04187,Quality-Focused Exuding Neural-Net,cat_007,"Moore, Becker and Carlson",373.8
prod_03472,Quality-Focused Leadingedge Capability,cat_001,Baldwin Ltd,373.21
prod_04299,Reduced Attitude-Oriented Artificial Intelligence,cat_011,Spence PLC,372.52
prod_04982,Monitored Clear-Thinking Policy,cat_013,Smith Ltd,372.15
prod_00311,Multi-Tiered Motivating Moderator,cat_014,"Anderson, Walls and Duncan",371.56
prod_02468,Switchable Eco-Centric Definition,cat_011,Spence PLC,371.14
prod_03589,Realigned Analyzing Software,cat_001,Baldwin Ltd,371.02
prod_03531,Total Scalable Firmware,cat_020,"Brewer, Bryant and Hickman",370.14
prod_00653,Organized Empowering Hardware,cat_009,Skinner-Romero,369.47
prod_04102,Operative Disintermediate Utilization,cat_007,"Moore, Becker and Carlson",368.5
prod_02862,Adaptive Mobile Process Improvement,cat_003,Bush Inc,362.68
prod_00250,Optimized Mobile Portal,cat_013,Smith Ltd,362.38
prod_01472,Customizable Grid-Enabled Matrices,cat_020,"Brewer, Bryant and Hickman",362.13
prod_04583,User-Centric Tertiary Concept,cat_009,Skinner-Romero,360.42
prod_02674,Proactive Solution-Oriented Knowledgebase,cat_016,Wright-Leblanc,359.66
prod_04525,Re-Contextualized 5Thgeneration Algorithm,cat_002,James LLC,359.22
prod_01091,Polarized Demand-Driven Parallelism,cat_017,Hancock Inc,358.29
prod_00462,Stand-Alone Eco-Centric Structure,cat_015,Owens-Daniel,354.82
prod_02210,Organized Scalable Framework,cat_020,"Brewer, Bryant and Hickman",354.7
prod_02518,Proactive Systemic Monitoring,cat_014,"Anderson, Walls and Duncan",354.65
prod_01873,Open-Architected Regional Interface,cat_006,"Ellis, Baker and Wright",353.16
prod_03455,Phased Maximized Instruction Set,cat_009,Skinner-Romero,352.84
prod_02605,Future-Proofed Bi-Directional Benchmark,cat_013,Smith Ltd,352.36
prod_04828,Versatile Leadingedge Graphical User Interface,cat_020,"Brewer, Bryant and Hickman",351.34
prod_02880,Advanced Cohesive Help-Desk,cat_024,"Patterson, Smith and Jones",350.16
prod_00691,Open-Source Reciprocal Software,cat_004,Kelly-Santiago,349.6
prod_01606,Team-Oriented Clear-Thinking Database,cat_010,Burns-Rodriguez,349.3
prod_02224,Persevering Maximized Orchestration,cat_012,Carney-Santos,348.74
prod_04920,Compatible 24/7 Project,cat_017,Hancock Inc,348.18
prod_01269,Synergized Modular Throughput,cat_020,"Brewer, Bryant and Hickman",347.84
prod_01155,Synergistic Tangible Emulation,cat_001,Baldwin Ltd,347.64
prod_03584,Enterprise-Wide Bandwidth-Monitored Function,cat_016,Wright-Leblanc,347.35
prod_03306,Expanded Object-Oriented Local Area Network,cat_020,"Brewer, Bryant and Hickman",347.16
prod_01106,Automated Zero Tolerance Monitoring,cat_001,Baldwin Ltd,347.16
prod_00240,Realigned Zero Administration Process Improvement,cat_012,Carney-Santos,345.42
prod_02050,Configurable Content-Based Process Improvement,cat_006,"Ellis, Baker and Wright",341.2
prod_02846,Profit-Focused Systemic Structure,cat_004,Kelly-Santiago,340.2
prod_03822,Exclusive Web-Enabled Portal,cat_019,Powell PLC,339.68
prod_04952,Implemented Holistic Matrix,cat_001,Baldwin Ltd,336.26
prod_03597,Assimilated Regional Alliance,cat_023,King-Odonnell,336.1
prod_00702,Phased Zero Administration Archive,cat_014,"Anderson, Walls and Duncan",335.44
prod_03715,Networked 5Thgeneration Solution,cat_008,Rodriguez-Graham,333.82
prod_03263,Virtual Intermediate Focus Group,cat_021,Mitchell-Kim,333.38
prod_01683,Enterprise-Wide Demand-Driven Open Architecture,cat_023,King-Odonnell,333.18
prod_02417,Function-Based Empowering Implementation,cat_017,Hancock Inc,332.62
prod_03226,Mandatory Motivating Ability,cat_000,"Rodriguez, Figueroa and Sanchez",332.56
prod_02173,Universal Holistic Moderator,cat_017,Hancock Inc,332.38
prod_00894,Business-Focused Scalable Paradigm,cat_013,Smith Ltd,331.26
prod_01294,Organized Hybrid Ability,cat_008,Rodriguez-Graham,331.04
prod_00963,Intuitive Bottom-Line Methodology,cat_012,Carney-Santos,330.18
prod_02025,Centralized Interactive Capacity,cat_016,Wright-Leblanc,329.73
prod_04628,Fundamental Well-Modulated Neural-Net,cat_001,Baldwin Ltd,329.21
prod_02501,Enterprise-Wide Eco-Centric Matrix,cat_022,Preston Ltd,325.46
prod_02500,Phased Even-Keeled Portal,cat_021,Mitchell-Kim,325.06
prod_02292,Profit-Focused Reciprocal Support,cat_020,"Brewer, Bryant and Hickman",324.98
prod_02263,Balanced Asymmetric Data-Warehouse,cat_002,James LLC,324.56
prod_03738,Total Well-Modulated Archive,cat_011,Spence PLC,321.71
prod_00144,Fully-Configurable Logistical Neural-Net,cat_024,"Patterson, Smith and Jones",321.44
prod_00948,Upgradable Clear-Thinking Matrices,cat_021,Mitchell-Kim,321.14
prod_03885,Networked Holistic Database,cat_021,Mitchell-Kim,319.71
prod_00033,Open-Architected Dynamic Circuit,cat_021,Mitchell-Kim,319.64
prod_04656,Mandatory Demand-Driven Monitoring,cat_012,Carney-Santos,319.59
prod_03844,Expanded Bottom-Line Productivity,cat_013,Smith Ltd,317.39
prod_00274,Re-Contextualized Well-Modulated Paradigm,cat_022,Preston Ltd,317.13
prod_02395,Face-To-Face 3Rdgeneration Parallelism,cat_006,"Ellis, Baker and Wright",315.4
prod_01323,Customizable Static Installation,cat_019,Powell PLC,315.18
prod_02899,Sharable Object-Oriented Open Architecture,cat_018,Phillips Inc,314.58
prod_04776,Diverse Heuristic Paradigm,cat_023,King-Odonnell,314.35
prod_01099,Right-Sized Client-Server Utilization,cat_014,"Anderson, Walls and Duncan",314.04
prod_00225,Inverse Homogeneous Policy,cat_003,Bush Inc,312.9
prod_02642,Multi-Tiered Cohesive Open System,cat_004,Kelly-Santiago,310.2
prod_02612,Cross-Group Fault-Tolerant Access,cat_003,Bush Inc,308.22
prod_04539,Face-To-Face Motivating Benchmark,cat_001,Baldwin Ltd,306.87
prod_02422,Robust Cohesive Instruction Set,cat_018,Phillips Inc,306.48
prod_00517,Realigned Multi-Tasking Challenge,cat_016,Wright-Leblanc,305.43
prod_00368,Devolved Asynchronous Knowledge User,cat_022,Preston Ltd,305.37
prod_04183,Cross-Platform Empowering Throughput,cat_010,Burns-Rodriguez,302.46
prod_00588,Seamless Dedicated Knowledgebase,cat_022,Preston Ltd,301.58
prod_00057,Stand-Alone Interactive Challenge,cat_018,Phillips Inc,301.02
prod_02358,Universal Value-Added Support,cat_005,Cameron-Parsons,299.91
prod_02368,Digitized Explicit Definition,cat_024,"Patterson, Smith and Jones",299.7
prod_00959,Managed Even-Keeled Application,cat_016,Wright-Leblanc,298.58
prod_01247,Exclusive High-Level Application,cat_013,Smith Ltd,295.35
prod_04478,Down-Sized Object-Oriented Moratorium,cat_010,Burns-Rodriguez,295.33
prod_03428,Organic Bottom-Line Implementation,cat_000,"Rodriguez, Figueroa and Sanchez",294.15
prod_01223,Optional Hybrid Encryption,cat_017,Hancock Inc,292.12
prod_04096,Cloned Maximized Portal,cat_015,Owens-Daniel,291.55
prod_02905,Mandatory Contextually-Based Software,cat_020,"Brewer, Bryant and Hickman",291.0
prod_03897,Seamless Incremental Attitude,cat_010,Burns-Rodriguez,290.34
prod_04759,Down-Sized Radical Secured Line,cat_000,"Rodriguez, Figueroa and Sanchez",289.65
prod_01583,Quality-Focused Secondary Function,cat_021,Mitchell-Kim,289.62
prod_03503,Focused Stable Intranet,cat_002,James LLC,289.06
prod_01994,Synchronized Dynamic Collaboration,cat_022,Preston Ltd,287.44
prod_03684,Stand-Alone Impactful Orchestration,cat_011,Spence PLC,283.03
prod_01912,Inverse Coherent Algorithm,cat_005,Cameron-Parsons,282.0
prod_02714,Open-Source Asynchronous Matrix,cat_016,Wright-Leblanc,281.95
prod_03991,Digitized Tertiary Archive,cat_015,Owens-Daniel,277.79
prod_03708,Profound Even-Keeled Model,cat_017,Hancock Inc,277.61
prod_01103,De-Engineered Bi-Directional Adapter,cat_005,Cameron-Parsons,277.54
prod_02970,Enhanced Leadingedge Local Area Network,cat_024,"Patterson, Smith and Jones",277.05
prod_03328,Multi-Layered Non-Volatile Hierarchy,cat_005,Cameron-Parsons,275.87
prod_04910,Reactive Explicit Functionalities,cat_016,Wright-Leblanc,273.63
prod_02323,Multi-Layered Contextually-Based Strategy,cat_014,"Anderson, Walls and Duncan",273.29
prod_03098,Open-Source Next Generation Focus Group,cat_014,"Anderson, Walls and Duncan",273.27
prod_04617,Seamless Transitional Success,cat_007,"Moore, Becker and Carlson",273.0
prod_01584,Ameliorated 5Thgeneration Graphical User Interface,cat_016,Wright-Leblanc,271.09
prod_02897,Self-Enabling 4Thgeneration Conglomeration,cat_018,Phillips Inc,270.6
prod_03301,Self-Enabling Methodical Software,cat_020,"Brewer, Bryant and Hickman",270.06
prod_01580,Pre-Emptive Attitude-Oriented Product,cat_005,Cameron-Parsons,268.32
prod_00024,Horizontal Demand-Driven Internet Solution,cat_021,Mitchell-Kim,265.79
prod_02007,Streamlined Impactful Time-Frame,cat_001,Baldwin Ltd,265.5
prod_03953,Visionary Reciprocal Toolset,cat_012,Carney-Santos,265.29
prod_00909,Face-To-Face System-Worthy Hardware,cat_003,Bush Inc,263.98
prod_04451,Universal Local Challenge,cat_003,Bush Inc,263.75
prod_00564,Managed Human-Resource System Engine,cat_002,James LLC,262.83
prod_00270,Monitored Upward-Trending Project,cat_011,Spence PLC,261.12
prod_00786,Centralized 3Rdgeneration Circuit,cat_014,"Anderson, Walls and Duncan",260.91
prod_04346,Multi-Layered Disintermediate Open Architecture,cat_006,"Ellis, Baker and Wright",260.24
prod_00081,Seamless Static Implementation,cat_013,Smith Ltd,259.74
prod_02082,Object-Based Tangible Capability,cat_017,Hancock Inc,259.66
prod_04298,Up-Sized 4Thgeneration Artificial Intelligence,cat_023,King-Odonnell,259.06
prod_01818,Function-Based Regional Migration,cat_016,Wright-Leblanc,258.37
prod_00189,User-Friendly Global Website,cat_017,Hancock Inc,258.14
prod_00292,Function-Based Uniform Protocol,cat_019,Powell PLC,257.62
prod_01303,Compatible Uniform Graphic Interface,cat_008,Rodriguez-Graham,254.84
prod_00775,Diverse Bandwidth-Monitored Encryption,cat_024,"Patterson, Smith and Jones",253.38
prod_02289,Re-Engineered Local Productivity,cat_008,Rodriguez-Graham,253.27
prod_04142,Realigned Uniform Groupware,cat_006,"Ellis, Baker and Wright",252.72
prod_00660,Synergistic Bandwidth-Monitored Challenge,cat_014,"Anderson, Walls and Duncan",252.68
prod_01594,Right-Sized Reciprocal Definition,cat_006,"Ellis, Baker and Wright",249.39
prod_03701,Re-Contextualized Grid-Enabled Graphical User Interface,cat_023,King-Odonnell,249.3
prod_04748,Quality-Focused Impactful Firmware,cat_024,"Patterson, Smith and Jones",246.8
prod_04235,Fully-Configurable Web-Enabled Secured Line,cat_010,Burns-Rodriguez,246.68
prod_00717,Decentralized Zero Administration Algorithm,cat_010,Burns-Rodriguez,246.25
prod_01295,Horizontal Radical Adapter,cat_023,King-Odonnell,245.49
prod_02598,Universal Empowering Orchestration,cat_011,Spence PLC,244.65
prod_04482,Synergized Foreground Installation,cat_006,"Ellis, Baker and Wright",244.14
prod_03293,Organized Cohesive Conglomeration,cat_013,Smith Ltd,243.64
prod_04501,Quality-Focused Executive Toolset,cat_009,Skinner-Romero,243.03
prod_00569,Assimilated Scalable Flexibility,cat_017,Hancock Inc,242.12
prod_02769,Front-Line Object-Oriented Matrices,cat_010,Burns-Rodriguez,242.01
prod_01108,De-Engineered Real-Time Moratorium,cat_004,Kelly-Santiago,241.9
prod_02950,Customizable 3Rdgeneration Methodology,cat_001,Baldwin Ltd,238.54
prod_03941,Stand-Alone 6Thgeneration Hub,cat_012,Carney-Santos,237.33
prod_02768,Open-Source Scalable Knowledge User,cat_004,Kelly-Santiago,237.32
prod_02309,Total Static Project,cat_024,"Patterson, Smith and Jones",234.69
prod_00093,Up-Sized Content-Based Functionalities,cat_004,Kelly-Santiago,233.84
prod_01277,Advanced Demand-Driven Projection,cat_013,Smith Ltd,233.84
prod_04385,De-Engineered Interactive Time-Frame,cat_000,"Rodriguez, Figueroa and Sanchez",233.67
prod_03334,Innovative Client-Server Paradigm,cat_020,"Brewer, Bryant and Hickman",233.56
prod_02256,Down-Sized Uniform Concept,cat_007,"Moore, Becker and Carlson",231.63
prod_04437,Balanced 4Thgeneration Concept,cat_004,Kelly-Santiago,230.4
prod_03236,Persevering 24/7 Matrix,cat_002,James LLC,229.77
prod_04674,Multi-Lateral Reciprocal Complexity,cat_009,Skinner-Romero,229.41
prod_02307,Fully-Configurable Dynamic Matrices,cat_012,Carney-Santos,228.57
prod_02682,Open-Source Bi-Directional Methodology,cat_021,Mitchell-Kim,227.81
prod_04559,Versatile Mission-Critical Ability,cat_003,Bush Inc,227.0
prod_02314,Optimized Composite Interface,cat_020,"Brewer, Bryant and Hickman",225.43
prod_04616,Re-Engineered Full-Range Firmware,cat_018,Phillips Inc,225.39
prod_02978,Streamlined 5Thgeneration Contingency,cat_017,Hancock Inc,223.43
prod_02706,Streamlined Directional Framework,cat_017,Hancock Inc,222.75
prod_03999,Optional Eco-Centric Hardware,cat_023,King-Odonnell,222.22
prod_03783,Phased Dynamic Definition,cat_021,Mitchell-Kim,220.92
prod_03159,Robust Encompassing Alliance,cat_019,Powell PLC,215.52
prod_01524,De-Engineered Motivating Archive,cat_021,Mitchell-Kim,215.4
prod_04409,Virtual Radical Synergy,cat_002,James LLC,214.46
prod_01410,Persevering Value-Added Paradigm,cat_016,Wright-Leblanc,213.75
prod_04255,Mandatory Disintermediate Pricing Structure,cat_016,Wright-Leblanc,213.16
prod_01582,Reverse-Engineered Disintermediate Matrix,cat_008,Rodriguez-Graham,211.65
prod_04350,Implemented Systemic Productivity,cat_017,Hancock Inc,210.91
prod_02133,Customer-Focused 24/7 Policy,cat_024,"Patterson, Smith and Jones",209.74
prod_04008,Integrated Composite Model,cat_008,Rodriguez-Graham,209.37
prod_00431,Vision-Oriented Reciprocal Leverage,cat_012,Carney-Santos,208.27
prod_03348,Organized Non-Volatile Model,cat_022,Preston Ltd,206.65
prod_04001,Down-Sized Directional Paradigm,cat_017,Hancock Inc,205.89
prod_03626,Expanded System-Worthy Budgetary Management,cat_006,"Ellis, Baker and Wright",205.17
prod_04659,Cross-Platform Background Forecast,cat_003,Bush Inc,205.06
prod_04077,Configurable Dynamic Complexity,cat_011,Spence PLC,204.33
prod_01507,Universal Motivating Flexibility,cat_018,Phillips Inc,204.07
prod_03601,Robust Coherent Pricing Structure,cat_024,"Patterson, Smith and Jones",202.55
prod_01750,User-Friendly Even-Keeled Paradigm,cat_000,"Rodriguez, Figueroa and Sanchez",202.29
prod_01144,Cross-Group Neutral Forecast,cat_001,Baldwin Ltd,201.78
prod_01090,Managed Uniform Budgetary Management,cat_014,"Anderson, Walls and Duncan",200.46
prod_01291,Up-Sized Fresh-Thinking Portal,cat_004,Kelly-Santiago,200.0
prod_00333,Cloned Multi-Tasking Moratorium,cat_015,Owens-Daniel,198.44
prod_03717,Optimized Incremental Strategy,cat_008,Rodriguez-Graham,196.44
prod_01162,Secured Heuristic Collaboration,cat_016,Wright-Leblanc,196.38
prod_00224,Cloned Clear-Thinking Focus Group,cat_010,Burns-Rodriguez,193.82
prod_01592,Self-Enabling Actuating Function,cat_010,Burns-Rodriguez,193.08
prod_04621,Persistent Well-Modulated Moderator,cat_024,"Patterson, Smith and Jones",191.82
prod_02724,De-Engineered Encompassing Focus Group,cat_021,Mitchell-Kim,191.66
prod_01709,Persistent Tertiary Open System,cat_022,Preston Ltd,190.07
prod_03561,Intuitive Bi-Directional Workforce,cat_007,"Moore, Becker and Carlson",189.6
prod_01348,Ameliorated Grid-Enabled Software,cat_009,Skinner-Romero,188.84
prod_04312,Switchable Empowering Encryption,cat_018,Phillips Inc,188.34
prod_01977,Multi-Channeled Empowering Help-Desk,cat_023,King-Odonnell,187.24
prod_00220,Balanced Upward-Trending Toolset,cat_013,Smith Ltd,186.34
prod_02739,Fully-Configurable Asynchronous Data-Warehouse,cat_002,James LLC,186.34
prod_04520,Stand-Alone National Functionalities,cat_013,Smith Ltd,185.71
prod_02757,Seamless Actuating Infrastructure,cat_020,"Brewer, Bryant and Hickman",184.05
prod_04147,Optimized Demand-Driven Superstructure,cat_017,Hancock Inc,181.7
prod_02777,Virtual Fault-Tolerant Strategy,cat_010,Burns-Rodriguez,181.68
prod_00481,Down-Sized Fresh-Thinking Model,cat_009,Skinner-Romero,181.16
prod_00035,Enhanced Tangible Model,cat_024,"Patterson, Smith and Jones",180.96
prod_03447,Diverse 4Thgeneration Methodology,cat_000,"Rodriguez, Figueroa and Sanchez",178.3
prod_03801,Balanced Multimedia Approach,cat_024,"Patterson, Smith and Jones",176.37
prod_02628,Integrated Neutral Website,cat_018,Phillips Inc,176.34
prod_00668,Inverse Optimal Ability,cat_009,Skinner-Romero,175.34
prod_04296,Mandatory 4Thgeneration Alliance,cat_019,Powell PLC,174.69
prod_03056,Cloned Mobile Open Architecture,cat_012,Carney-Santos,174.0
prod_02195,Object-Based Discrete Emulation,cat_019,Powell PLC,173.88
prod_01414,Devolved Bottom-Line Solution,cat_024,"Patterson, Smith and Jones",172.68
prod_04427,Assimilated Neutral Website,cat_014,"Anderson, Walls and Duncan",172.67
prod_04567,Self-Enabling Global Superstructure,cat_003,Bush Inc,172.43
prod_03068,Pre-Emptive Radical Installation,cat_010,Burns-Rodriguez,172.16
prod_03634,Total Zero Administration Knowledge User,cat_013,Smith Ltd,171.6
prod_00340,Enterprise-Wide Client-Driven Architecture,cat_017,Hancock Inc,169.33
prod_04278,Re-Contextualized Didactic Knowledge User,cat_003,Bush Inc,168.52
prod_00242,Future-Proofed Tangible Task-Force,cat_021,Mitchell-Kim,165.96
prod_04532,Quality-Focused Object-Oriented Benchmark,cat_017,Hancock Inc,165.78
prod_00497,Public-Key Homogeneous Emulation,cat_023,King-Odonnell,161.61
prod_00026,Organic Leadingedge Service-Desk,cat_014,"Anderson, Walls and Duncan",161.51
prod_02532,Advanced Heuristic Definition,cat_002,James LLC,161.5
prod_02350,Organized Bifurcated Matrices,cat_001,Baldwin Ltd,161.42
prod_03492,Compatible Eco-Centric Strategy,cat_002,James LLC,160.05
prod_02581,Expanded 3Rdgeneration Hierarchy,cat_006,"Ellis, Baker and Wright",157.18
prod_01543,Future-Proofed Full-Range Flexibility,cat_006,"Ellis, Baker and Wright",156.78
prod_01724,Operative Scalable Help-Desk,cat_007,"Moore, Becker and Carlson",156.07
prod_00469,Fundamental Solution-Oriented Hierarchy,cat_018,Phillips Inc,154.56
prod_02337,Centralized Heuristic Groupware,cat_016,Wright-Leblanc,152.74
prod_03378,Fundamental Methodical Framework,cat_011,Spence PLC,152.71
prod_02784,Future-Proofed 4Thgeneration Leverage,cat_001,Baldwin Ltd,151.86
prod_04242,Exclusive Responsive Initiative,cat_013,Smith Ltd,150.34
prod_02531,Open-Source Reciprocal Frame,cat_024,"Patterson, Smith and Jones",148.78
prod_00774,Progressive Heuristic Throughput,cat_017,Hancock Inc,148.76
prod_01083,Compatible Multi-State Extranet,cat_008,Rodriguez-Graham,148.35
prod_03664,User-Friendly Disintermediate Software,cat_018,Phillips Inc,148.05
prod_00476,Synchronized Didactic Task-Force,cat_015,Owens-Daniel,147.97
prod_02030,Pre-Emptive Transitional Knowledgebase,cat_018,Phillips Inc,146.64
prod_02064,Intuitive Client-Server Installation,cat_001,Baldwin Ltd,144.07
prod_02915,Re-Engineered Disintermediate Model,cat_024,"Patterson, Smith and Jones",143.34
prod_04293,Programmable Client-Server Process Improvement,cat_016,Wright-Leblanc,142.14
prod_00056,Reverse-Engineered Non-Volatile Protocol,cat_018,Phillips Inc,141.89
prod_01802,Down-Sized 3Rdgeneration Monitoring,cat_001,Baldwin Ltd,141.0
prod_01326,Down-Sized Grid-Enabled Pricing Structure,cat_018,Phillips Inc,139.98
prod_00503,User-Centric 6Thgeneration Initiative,cat_008,Rodriguez-Graham,138.27
prod_04838,Optimized Mission-Critical Solution,cat_013,Smith Ltd,137.6
prod_00197,Inverse Reciprocal Definition,cat_002,James LLC,137.52
prod_00771,Pre-Emptive Grid-Enabled Open System,cat_017,Hancock Inc,133.84
prod_03859,Multi-Layered Logistical Leverage,cat_021,Mitchell-Kim,133.63
prod_01601,Devolved Bandwidth-Monitored Utilization,cat_019,Powell PLC,132.9
prod_02718,Mandatory Grid-Enabled Matrices,cat_003,Bush Inc,132.4
prod_00759,Reduced Optimizing Firmware,cat_004,Kelly-Santiago,132.0
prod_04485,Up-Sized Scalable Interface,cat_019,Powell PLC,131.52
prod_02298,Devolved Transitional Leverage,cat_011,Spence PLC,131.16
prod_03624,Compatible Transitional Database,cat_019,Powell PLC,130.85
prod_02747,Proactive Modular Analyzer,cat_004,Kelly-Santiago,129.8
prod_04662,Right-Sized Executive Implementation,cat_012,Carney-Santos,129.64
prod_04635,Configurable Object-Oriented Utilization,cat_011,Spence PLC,129.33
prod_00017,Synergized Uniform Support,cat_015,Owens-Daniel,128.64
prod_04803,Organic Encompassing Installation,cat_024,"Patterson, Smith and Jones",128.05
prod_02787,Profit-Focused Intermediate Migration,cat_023,King-Odonnell,127.45
prod_04031,Compatible Radical Hub,cat_010,Burns-Rodriguez,122.08
prod_02654,Sharable Context-Sensitive Artificial Intelligence,cat_017,Hancock Inc,121.66
prod_03470,Polarized Mission-Critical Hardware,cat_001,Baldwin Ltd,120.72
prod_00174,Sharable Interactive Solution,cat_011,Spence PLC,120.12
prod_04700,Organized Bi-Directional Encryption,cat_012,Carney-Santos,120.09
prod_03659,Adaptive Non-Volatile Approach,cat_021,Mitchell-Kim,119.9
prod_03550,Proactive Directional Solution,cat_006,"Ellis, Baker and Wright",119.73
prod_03331,User-Friendly System-Worthy Capacity,cat_020,"Brewer, Bryant and Hickman",119.04
prod_02150,Secured Didactic Encoding,cat_007,"Moore, Becker and Carlson",117.34
prod_02559,Pre-Emptive Composite Budgetary Management,cat_021,Mitchell-Kim,117.03
prod_02685,Vision-Oriented Logistical Neural-Net,cat_014,"Anderson, Walls and Duncan",110.67
prod_01542,Public-Key Scalable Help-Desk,cat_007,"Moore, Becker and Carlson",107.42
prod_04587,Digitized Secondary Ability,cat_006,"Ellis, Baker and Wright",107.22
prod_01579,Networked Bi-Directional Product,cat_021,Mitchell-Kim,106.96
prod_01052,Function-Based Bandwidth-Monitored Customer Loyalty,cat_007,"Moore, Becker and Carlson",106.31
prod_03427,Future-Proofed Discrete Data-Warehouse,cat_000,"Rodriguez, Figueroa and Sanchez",105.72
prod_04961,Adaptive Analyzing Array,cat_017,Hancock Inc,103.28
prod_02213,Enterprise-Wide Dedicated Architecture,cat_000,"Rodriguez, Figueroa and Sanchez",103.0
prod_02774,Advanced Static Data-Warehouse,cat_009,Skinner-Romero,100.72
prod_00916,Face-To-Face Upward-Trending Capacity,cat_016,Wright-Leblanc,100.48
prod_01763,Inverse Modular Budgetary Management,cat_010,Burns-Rodriguez,100.26
prod_01954,Ergonomic Background Framework,cat_012,Carney-Santos,98.02
prod_01587,Persevering Systematic Monitoring,cat_013,Smith Ltd,94.14999999999999
prod_02937,De-Engineered Leadingedge Contingency,cat_013,Smith Ltd,92.62
prod_01635,Phased Maximized Focus Group,cat_005,Cameron-Parsons,92.32
prod_03008,Reduced Static Challenge,cat_005,Cameron-Parsons,91.62
prod_00617,Monitored Fault-Tolerant Graphical User Interface,cat_014,"Anderson, Walls and Duncan",90.58
prod_01133,Networked Impactful Pricing Structure,cat_013,Smith Ltd,90.07
prod_02126,Optional Asymmetric Benchmark,cat_010,Burns-Rodriguez,89.46
prod_04568,Intuitive Zero Tolerance Structure,cat_005,Cameron-Parsons,88.38
prod_03709,Intuitive Composite Application,cat_005,Cameron-Parsons,85.69
prod_04429,Optional Stable Flexibility,cat_004,Kelly-Santiago,84.39
prod_02223,Robust Dynamic Moderator,cat_022,Preston Ltd,84.01
prod_00397,Mandatory Real-Time Circuit,cat_011,Spence PLC,83.32
prod_01105,Cross-Platform Context-Sensitive Leverage,cat_024,"Patterson, Smith and Jones",83.26
prod_02076,Public-Key Interactive Open Architecture,cat_014,"Anderson, Walls and Duncan",80.97
prod_01621,Up-Sized Leadingedge Parallelism,cat_018,Phillips Inc,80.52
prod_02525,Future-Proofed Neutral Capability,cat_015,Owens-Daniel,80.22
prod_03195,Automated Bifurcated Model,cat_011,Spence PLC,79.11
prod_00953,Team-Oriented Tangible Process Improvement,cat_008,Rodriguez-Graham,78.62
prod_01366,Focused Radical Emulation,cat_009,Skinner-Romero,78.56
prod_02620,Cross-Group Transitional Emulation,cat_007,"Moore, Becker and Carlson",78.46
prod_01190,Re-Engineered Solution-Oriented Projection,cat_003,Bush Inc,78.39
prod_02034,Re-Engineered Explicit Analyzer,cat_003,Bush Inc,78.0
prod_03473,Profound Global Graphical User Interface,cat_014,"Anderson, Walls and Duncan",76.89
prod_03396,Reverse-Engineered Exuding Orchestration,cat_008,Rodriguez-Graham,76.68
prod_01338,Function-Based Composite Approach,cat_017,Hancock Inc,76.08
prod_00083,Extended Heuristic Website,cat_020,"Brewer, Bryant and Hickman",74.79
prod_03819,Profound Composite Infrastructure,cat_009,Skinner-Romero,74.44
prod_01125,Vision-Oriented Tertiary Infrastructure,cat_002,James LLC,69.75
prod_03765,Triple-Buffered Mission-Critical Portal,cat_005,Cameron-Parsons,67.49
prod_01999,Mandatory Foreground Initiative,cat_008,Rodriguez-Graham,66.54
prod_04892,Function-Based Homogeneous Emulation,cat_001,Baldwin Ltd,66.3
prod_00675,Diverse Leadingedge Knowledgebase,cat_012,Carney-Santos,65.5
prod_00699,Sharable Radical Archive,cat_019,Powell PLC,64.16
prod_01895,Optional Client-Server Firmware,cat_013,Smith Ltd,63.510000000000005
prod_01005,Reverse-Engineered Needs-Based Support,cat_017,Hancock Inc,63.42
prod_03277,Automated Stable Orchestration,cat_009,Skinner-Romero,63.09
prod_00880,Right-Sized Impactful Protocol,cat_009,Skinner-Romero,62.44
prod_04715,Open-Architected Intangible Interface,cat_022,Preston Ltd,62.15
prod_01389,Function-Based Fresh-Thinking Solution,cat_015,Owens-Daniel,59.04
prod_04018,Profit-Focused Analyzing Infrastructure,cat_019,Powell PLC,52.95
prod_04228,Networked Encompassing Complexity,cat_005,Cameron-Parsons,50.76
prod_01134,Horizontal Transitional Policy,cat_018,Phillips Inc,50.3
prod_02539,Digitized Mission-Critical Array,cat_022,Preston Ltd,50.18
prod_01765,Face-To-Face Neutral Installation,cat_021,Mitchell-Kim,50.099999999999994
prod_04375,Object-Based Multi-Tasking Matrices,cat_003,Bush Inc,49.24
prod_00398,Universal Foreground Superstructure,cat_019,Powell PLC,49.16
prod_01522,Re-Engineered Actuating Protocol,cat_003,Bush Inc,49.02
prod_01151,Multi-Tiered Non-Volatile Matrices,cat_007,"Moore, Becker and Carlson",47.11
prod_02123,Configurable Analyzing Alliance,cat_016,Wright-Leblanc,46.48
prod_02513,Monitored High-Level Knowledge User,cat_008,Rodriguez-Graham,46.35
prod_00153,Vision-Oriented Incremental Analyzer,cat_017,Hancock Inc,45.54
prod_04233,Open-Architected 3Rdgeneration Architecture,cat_018,Phillips Inc,44.88
prod_03475,Synchronized Global Task-Force,cat_020,"Brewer, Bryant and Hickman",44.28
prod_02909,Compatible Non-Volatile Artificial Intelligence,cat_002,James LLC,42.73
prod_02279,Focused Upward-Trending Groupware,cat_023,King-Odonnell,40.24
prod_03206,Innovative 6Thgeneration Emulation,cat_010,Burns-Rodriguez,39.28
prod_04948,Optional Encompassing Conglomeration,cat_004,Kelly-Santiago,38.58
prod_04615,Object-Based Explicit Encryption,cat_015,Owens-Daniel,38.44
prod_01938,Function-Based Optimal Artificial Intelligence,cat_012,Carney-Santos,38.04
prod_00078,Polarized Maximized Internet Solution,cat_017,Hancock Inc,38.04
prod_03384,Ameliorated Tertiary Customer Loyalty,cat_012,Carney-Santos,37.48
prod_03391,Team-Oriented Tertiary Matrix,cat_013,Smith Ltd,36.96
prod_00319,Profit-Focused Holistic Encoding,cat_001,Baldwin Ltd,31.19
prod_03054,Proactive Executive Capacity,cat_007,"Moore, Becker and Carlson",27.87
prod_00124,Function-Based 4Thgeneration Array,cat_019,Powell PLC,27.05
prod_04934,Multi-Layered Optimizing Interface,cat_017,Hancock Inc,25.52
prod_01400,Front-Line Didactic Parallelism,cat_024,"Patterson, Smith and Jones",24.18
prod_04724,Robust Motivating Alliance,cat_017,Hancock Inc,23.02
prod_01699,Centralized Static Hierarchy,cat_024,"Patterson, Smith and Jones",22.33
prod_00779,User-Centric Tangible Help-Desk,cat_011,Spence PLC,22.33
prod_02519,Compatible Composite Intranet,cat_014,"Anderson, Walls and Duncan",20.02
prod_02969,Integrated Non-Volatile Protocol,cat_016,Wright-Leblanc,20.01
prod_02759,Secured Bi-Directional Algorithm,cat_012,Carney-Santos,17.75
prod_03609,Versatile Needs-Based Project,cat_000,"Rodriguez, Figueroa and Sanchez",16.84
prod_04068,Progressive Coherent Secured Line,cat_003,Bush Inc,16.2
prod_00882,Streamlined Modular Frame,cat_017,Hancock Inc,15.95
prod_03572,Integrated National Standardization,cat_015,Owens-Daniel,11.93
prod_03057,Expanded Tertiary Conglomeration,cat_000,"Rodriguez, Figueroa and Sanchez",10.28
prod_00704,Centralized Hybrid Middleware,cat_017,Hancock Inc,10.16
prod_02561,Seamless Full-Range Capability,cat_007,"Moore, Becker and Carlson",7.92
